kind	rel_path	original_size	original_sha256	part_index	part_count	part_rel_path	part_size	part_sha256
sharded	Academic/academic_collabo.corpus.jsonl	209797859	925dc61737ddcdaa77f426f3ae7991639c0b0b867cae47bdac64c8361ba1be88	1	9	Academic/academic_collabo.corpus.jsonl.part-00001	25164878	c7da01117ad9ef0f843912e063899d2180098215512512b6c67219b54ae29379
sharded	Academic/academic_collabo.corpus.jsonl	209797859	925dc61737ddcdaa77f426f3ae7991639c0b0b867cae47bdac64c8361ba1be88	2	9	Academic/academic_collabo.corpus.jsonl.part-00002	25165079	3594d36fe84de31d7edf39832ff760e44678a9c4008e6c4f59ce07995ba25ef9
sharded	Academic/academic_collabo.corpus.jsonl	209797859	925dc61737ddcdaa77f426f3ae7991639c0b0b867cae47bdac64c8361ba1be88	3	9	Academic/academic_collabo.corpus.jsonl.part-00003	25164353	3dfd6686a4a215cde663c494c89d501f6866c1cc30670454ec2086944a77e226
sharded	Academic/academic_collabo.corpus.jsonl	209797859	925dc61737ddcdaa77f426f3ae7991639c0b0b867cae47bdac64c8361ba1be88	4	9	Academic/academic_collabo.corpus.jsonl.part-00004	25165420	327e39df6cdab625b61dec707bb8a350afa9ed24f71986300b109c398b3fb3b3
sharded	Academic/academic_collabo.corpus.jsonl	209797859	925dc61737ddcdaa77f426f3ae7991639c0b0b867cae47bdac64c8361ba1be88	5	9	Academic/academic_collabo.corpus.jsonl.part-00005	25164539	22596f464c26942a6dcc62d0203edd641aca9f4f8a9eacffaff2a71a4e89b488
sharded	Academic/academic_collabo.corpus.jsonl	209797859	925dc61737ddcdaa77f426f3ae7991639c0b0b867cae47bdac64c8361ba1be88	6	9	Academic/academic_collabo.corpus.jsonl.part-00006	25165561	eb758b96fcd0675b72c61024aae4f6315d090e94f91650086720fa59511eecbe
sharded	Academic/academic_collabo.corpus.jsonl	209797859	925dc61737ddcdaa77f426f3ae7991639c0b0b867cae47bdac64c8361ba1be88	7	9	Academic/academic_collabo.corpus.jsonl.part-00007	25165152	6064221249fdfbcc86ac10deadb9fe84cbbae9c118e818d8904742f0d975926a
sharded	Academic/academic_collabo.corpus.jsonl	209797859	925dc61737ddcdaa77f426f3ae7991639c0b0b867cae47bdac64c8361ba1be88	8	9	Academic/academic_collabo.corpus.jsonl.part-00008	25165415	c6673e84cdb46f32a51d26fcb267a8d531918c27605f9b8668d7b65474f30b23
sharded	Academic/academic_collabo.corpus.jsonl	209797859	925dc61737ddcdaa77f426f3ae7991639c0b0b867cae47bdac64c8361ba1be88	9	9	Academic/academic_collabo.corpus.jsonl.part-00009	8477462	72b2f1ddcd3bb3402540bc54dd55239a60925135bb6bd11091fdc19ca80825e8
file	Academic/academic_collabo.qrels.test.jsonl	256262	13b4986c5411e0113632132b07d3e1802c6a7a817d4fb0727d1680532dd8b564	1	1	Academic/academic_collabo.qrels.test.jsonl	256262	13b4986c5411e0113632132b07d3e1802c6a7a817d4fb0727d1680532dd8b564
file	Academic/academic_collabo.queries.test.jsonl	66377	d6637d3f63546cf1b0b0b12b209f344a1bc8fb065e5dfe201d31bb71dedc7ed4	1	1	Academic/academic_collabo.queries.test.jsonl	66377	d6637d3f63546cf1b0b0b12b209f344a1bc8fb065e5dfe201d31bb71dedc7ed4
sharded	Academic/academic_competi.corpus.jsonl	104707100	ae6cc42dfeb4b45aaadeb46d93f16d9594c914e9859a61fb72c7cf365b9c7a59	1	5	Academic/academic_competi.corpus.jsonl.part-00001	25165386	ce54d864d419fc87277d1ddb2cd4e2392ae39e9f4b2a62282b4ff37e24e48ad8
sharded	Academic/academic_competi.corpus.jsonl	104707100	ae6cc42dfeb4b45aaadeb46d93f16d9594c914e9859a61fb72c7cf365b9c7a59	2	5	Academic/academic_competi.corpus.jsonl.part-00002	25165573	2dc47b4655919dc69edff58a7f08ec8cc243ec9fca9a8f92d9b439f043e2a46d
sharded	Academic/academic_competi.corpus.jsonl	104707100	ae6cc42dfeb4b45aaadeb46d93f16d9594c914e9859a61fb72c7cf365b9c7a59	3	5	Academic/academic_competi.corpus.jsonl.part-00003	25165723	3671b3930a552c5aa565b88f7b33fc39cbd049c3b21b30d34a1ba94f82a57bfc
sharded	Academic/academic_competi.corpus.jsonl	104707100	ae6cc42dfeb4b45aaadeb46d93f16d9594c914e9859a61fb72c7cf365b9c7a59	4	5	Academic/academic_competi.corpus.jsonl.part-00004	25165414	e36f0cdb0fc93c429b3b95e465094a247ce80a897e31758759ecdd639f3e705c
sharded	Academic/academic_competi.corpus.jsonl	104707100	ae6cc42dfeb4b45aaadeb46d93f16d9594c914e9859a61fb72c7cf365b9c7a59	5	5	Academic/academic_competi.corpus.jsonl.part-00005	4045004	f9cb0e7e19600e12fa21b17a9f9294097f27a9100497617fd1b0743826827d84
file	Academic/academic_competi.qrels.test.jsonl	210876	353a16c76ceb677e72ebf3e037a31cbe9ffdbafa6195cceb8ce1cb0e07d9213a	1	1	Academic/academic_competi.qrels.test.jsonl	210876	353a16c76ceb677e72ebf3e037a31cbe9ffdbafa6195cceb8ce1cb0e07d9213a
file	Academic/academic_competi.queries.test.jsonl	62353	763e896185f32d6fde154245714a8a3ff2cf53a4bb39e197c34ef89be39ade85	1	1	Academic/academic_competi.queries.test.jsonl	62353	763e896185f32d6fde154245714a8a3ff2cf53a4bb39e197c34ef89be39ade85
sharded	Academic/academic_journal.corpus.jsonl	123975663	f08b02bbbdebe7b7d52a82702670312ab0c2469e26e288b4f19c62f5ad4d1366	1	5	Academic/academic_journal.corpus.jsonl.part-00001	25165458	1395a48bd3d8b533bcb7d7da5dd411148e039599dca2ba3575c108af398347f4
sharded	Academic/academic_journal.corpus.jsonl	123975663	f08b02bbbdebe7b7d52a82702670312ab0c2469e26e288b4f19c62f5ad4d1366	2	5	Academic/academic_journal.corpus.jsonl.part-00002	25165334	9680f44a0e94a9d513b26a2d630d7d7436dcea7ad0d0edf46d9a21dd6ddf484b
sharded	Academic/academic_journal.corpus.jsonl	123975663	f08b02bbbdebe7b7d52a82702670312ab0c2469e26e288b4f19c62f5ad4d1366	3	5	Academic/academic_journal.corpus.jsonl.part-00003	25165301	884a4b2e3949b046139fb396792ccd627379185459d8c8831c2e7bba55e90745
sharded	Academic/academic_journal.corpus.jsonl	123975663	f08b02bbbdebe7b7d52a82702670312ab0c2469e26e288b4f19c62f5ad4d1366	4	5	Academic/academic_journal.corpus.jsonl.part-00004	25165664	969d1618407f832e05d1bf442bd23e834e49576d3ab82833d18628c3393e1962
sharded	Academic/academic_journal.corpus.jsonl	123975663	f08b02bbbdebe7b7d52a82702670312ab0c2469e26e288b4f19c62f5ad4d1366	5	5	Academic/academic_journal.corpus.jsonl.part-00005	23313906	87a45bf75bb6736ab4557fc43ea97e66496943f7fcbd4bd5f2dca46c39e79518
file	Academic/academic_journal.qrels.test.jsonl	317540	d7c41dee32920368b1398e1c19d8b638da26684a83d8b4d2762a0aa82f27aa23	1	1	Academic/academic_journal.qrels.test.jsonl	317540	d7c41dee32920368b1398e1c19d8b638da26684a83d8b4d2762a0aa82f27aa23
file	Academic/academic_journal.queries.test.jsonl	71633	903420d2baaa62117c83ea26a64b1e1be398e08b3e4d7137d6cea73545227a9d	1	1	Academic/academic_journal.queries.test.jsonl	71633	903420d2baaa62117c83ea26a64b1e1be398e08b3e4d7137d6cea73545227a9d
sharded	Academic/academic_profile.corpus.jsonl	163538102	69bbe5bee1ce0177f446d833b2c7b00773d70671849389f7e0c06dbbe705e96a	1	7	Academic/academic_profile.corpus.jsonl.part-00001	25164860	edb772ca17e8d9ffc40dce905c726420c2e14f32955fd74f3009bffbdde7d4e7
sharded	Academic/academic_profile.corpus.jsonl	163538102	69bbe5bee1ce0177f446d833b2c7b00773d70671849389f7e0c06dbbe705e96a	2	7	Academic/academic_profile.corpus.jsonl.part-00002	25165788	ee4ac28abdf8f59fbd5a6f58cc535a53385ba4fae3513a300c24ad0b07611797
sharded	Academic/academic_profile.corpus.jsonl	163538102	69bbe5bee1ce0177f446d833b2c7b00773d70671849389f7e0c06dbbe705e96a	3	7	Academic/academic_profile.corpus.jsonl.part-00003	25164116	68a9fef152dbf83631913bb5649e85eff905cac12efc7eda468da47fcd1c8a9f
sharded	Academic/academic_profile.corpus.jsonl	163538102	69bbe5bee1ce0177f446d833b2c7b00773d70671849389f7e0c06dbbe705e96a	4	7	Academic/academic_profile.corpus.jsonl.part-00004	25164989	46d8c0d8cd82b2861ec568131a44cb2553c9c76f4214eab5dd589f001d8fac24
sharded	Academic/academic_profile.corpus.jsonl	163538102	69bbe5bee1ce0177f446d833b2c7b00773d70671849389f7e0c06dbbe705e96a	5	7	Academic/academic_profile.corpus.jsonl.part-00005	25165718	8170695638b026eac91d9b7cd3c8f4caf676834811deeb15c8546a01f8fa3fb0
sharded	Academic/academic_profile.corpus.jsonl	163538102	69bbe5bee1ce0177f446d833b2c7b00773d70671849389f7e0c06dbbe705e96a	6	7	Academic/academic_profile.corpus.jsonl.part-00006	25165456	be47f17115febd8f9cf2ed7cc4e1f8cb0920c7e558c872b70c54ec8248ac7f98
sharded	Academic/academic_profile.corpus.jsonl	163538102	69bbe5bee1ce0177f446d833b2c7b00773d70671849389f7e0c06dbbe705e96a	7	7	Academic/academic_profile.corpus.jsonl.part-00007	12547175	02af974807bae785f0cd55d52784ae62848b9331e4a69784bdcdd891d884f290
file	Academic/academic_profile.qrels.test.jsonl	115337	2afbf12e937436307a7eef94b8a6663df513765a7a4cf0c65ae99ca688ce9564	1	1	Academic/academic_profile.qrels.test.jsonl	115337	2afbf12e937436307a7eef94b8a6663df513765a7a4cf0c65ae99ca688ce9564
file	Academic/academic_profile.queries.test.jsonl	75620	e82cb0c113cbad442eabcd2d6d972ddf3b01bdd1832d48ce1cd459db7b28dc0c	1	1	Academic/academic_profile.queries.test.jsonl	75620	e82cb0c113cbad442eabcd2d6d972ddf3b01bdd1832d48ce1cd459db7b28dc0c
sharded	Academic/academic_worksho.corpus.jsonl	111778278	9563b4c0ba14b49651b43315db8e190ba5d4a1bc498e4f1247a9dafe70d93f7d	1	5	Academic/academic_worksho.corpus.jsonl.part-00001	25165566	2e1eddf51577accbebd1875b5e66658a139e3d21187b01b58892f8943ee09b36
sharded	Academic/academic_worksho.corpus.jsonl	111778278	9563b4c0ba14b49651b43315db8e190ba5d4a1bc498e4f1247a9dafe70d93f7d	2	5	Academic/academic_worksho.corpus.jsonl.part-00002	25165784	5753fce7b1b113a1a99435b143a6b50400ebddf02de21f4190b584874b83c4ba
sharded	Academic/academic_worksho.corpus.jsonl	111778278	9563b4c0ba14b49651b43315db8e190ba5d4a1bc498e4f1247a9dafe70d93f7d	3	5	Academic/academic_worksho.corpus.jsonl.part-00003	25165484	8adc80e7a567cee622f148779650b932c3c851bfe2724f16d9b77f0b1c0928fd
sharded	Academic/academic_worksho.corpus.jsonl	111778278	9563b4c0ba14b49651b43315db8e190ba5d4a1bc498e4f1247a9dafe70d93f7d	4	5	Academic/academic_worksho.corpus.jsonl.part-00004	25165339	0644e651fd9389526bd80f7be071d28a3b8031375a1ce568b53f5f80cd19299f
sharded	Academic/academic_worksho.corpus.jsonl	111778278	9563b4c0ba14b49651b43315db8e190ba5d4a1bc498e4f1247a9dafe70d93f7d	5	5	Academic/academic_worksho.corpus.jsonl.part-00005	11116105	c29b35dad0302261fa0ae7360243aa5f93c1cd599150bdfdd197e769df07a41b
file	Academic/academic_worksho.qrels.test.jsonl	195976	d21ae2d73d82387034e5986084d63d928e4bc1b2486b2278c041aa5be5a9db6b	1	1	Academic/academic_worksho.qrels.test.jsonl	195976	d21ae2d73d82387034e5986084d63d928e4bc1b2486b2278c041aa5be5a9db6b
file	Academic/academic_worksho.queries.test.jsonl	62358	2afbaa23e644b449b6bc08fe7e01a200fb3ae4f183a2048dd9e961b58ba07ef6	1	1	Academic/academic_worksho.queries.test.jsonl	62358	2afbaa23e644b449b6bc08fe7e01a200fb3ae4f183a2048dd9e961b58ba07ef6
sharded	Academic/books_and_monogr.corpus.jsonl	172661759	fcf26dc6106e3e31c02984abb30db77efa8d39f4b0cb72aa7224604268ea853e	1	7	Academic/books_and_monogr.corpus.jsonl.part-00001	25164569	07b929fc289967959413313916122dfb45847658d064724ede85ccb17d278f8f
sharded	Academic/books_and_monogr.corpus.jsonl	172661759	fcf26dc6106e3e31c02984abb30db77efa8d39f4b0cb72aa7224604268ea853e	2	7	Academic/books_and_monogr.corpus.jsonl.part-00002	25165733	26628d6fa2b6f114acb339bac5845fba5e1c0e64e119a024d86c78bb2f7a7928
sharded	Academic/books_and_monogr.corpus.jsonl	172661759	fcf26dc6106e3e31c02984abb30db77efa8d39f4b0cb72aa7224604268ea853e	3	7	Academic/books_and_monogr.corpus.jsonl.part-00003	25165324	3e6fb087288f38307c06b9553ac54ca5e4f6bf742dab1baf5ff179c414013df8
sharded	Academic/books_and_monogr.corpus.jsonl	172661759	fcf26dc6106e3e31c02984abb30db77efa8d39f4b0cb72aa7224604268ea853e	4	7	Academic/books_and_monogr.corpus.jsonl.part-00004	25164920	a3dd0f33766fcd03eacc6e5bcf75e6563dfc0670e83213bfbf42c4b9bd523c31
sharded	Academic/books_and_monogr.corpus.jsonl	172661759	fcf26dc6106e3e31c02984abb30db77efa8d39f4b0cb72aa7224604268ea853e	5	7	Academic/books_and_monogr.corpus.jsonl.part-00005	25165274	17b736c41513e0ba3bb4875c17808961148b3b14317bbe4c107b744a205b6f8a
sharded	Academic/books_and_monogr.corpus.jsonl	172661759	fcf26dc6106e3e31c02984abb30db77efa8d39f4b0cb72aa7224604268ea853e	6	7	Academic/books_and_monogr.corpus.jsonl.part-00006	25165589	842e871668e2605d078284d723d3e0242824b662ff9229cb4a890b358c4005f7
sharded	Academic/books_and_monogr.corpus.jsonl	172661759	fcf26dc6106e3e31c02984abb30db77efa8d39f4b0cb72aa7224604268ea853e	7	7	Academic/books_and_monogr.corpus.jsonl.part-00007	21670350	8ba2c408ef2feee478534976856360f7dcf06d4a1bbdd4f761575a5737cbf568
file	Academic/books_and_monogr.qrels.test.jsonl	280536	b8afc3325f0b5f29f9cfacb7776b981db548c40565e93c28d6aa2f05ea9371d5	1	1	Academic/books_and_monogr.qrels.test.jsonl	280536	b8afc3325f0b5f29f9cfacb7776b981db548c40565e93c28d6aa2f05ea9371d5
file	Academic/books_and_monogr.queries.test.jsonl	64471	357232ba8d8fb04e098ea8e02db780361fb1dfba819f1c152b10166af67df2c7	1	1	Academic/books_and_monogr.queries.test.jsonl	64471	357232ba8d8fb04e098ea8e02db780361fb1dfba819f1c152b10166af67df2c7
sharded	Academic/conference_paper.corpus.jsonl	146832258	3d23e0c0da464375c852d2ee814a231bacd7b878823df5cb02fe0cfe20fc39f2	1	6	Academic/conference_paper.corpus.jsonl.part-00001	25165038	1ae3566103b424b03d7901783988bdfe904dabb3223b2be0368231184dfbda99
sharded	Academic/conference_paper.corpus.jsonl	146832258	3d23e0c0da464375c852d2ee814a231bacd7b878823df5cb02fe0cfe20fc39f2	2	6	Academic/conference_paper.corpus.jsonl.part-00002	25165824	01f32ef8423a8c1c91e6c85957a7c5bd816674a24994e96bd0e0ad5438dc0629
sharded	Academic/conference_paper.corpus.jsonl	146832258	3d23e0c0da464375c852d2ee814a231bacd7b878823df5cb02fe0cfe20fc39f2	3	6	Academic/conference_paper.corpus.jsonl.part-00003	25164989	0039e3d4dcb973abd3c8859c50fe891bc6c1987939e53b7a90fcee9cda596c3b
sharded	Academic/conference_paper.corpus.jsonl	146832258	3d23e0c0da464375c852d2ee814a231bacd7b878823df5cb02fe0cfe20fc39f2	4	6	Academic/conference_paper.corpus.jsonl.part-00004	25165162	93121013a20bb340adc9a345eefa5ffe7d5b05ea59a2cb5fd4b78ce374e9cda9
sharded	Academic/conference_paper.corpus.jsonl	146832258	3d23e0c0da464375c852d2ee814a231bacd7b878823df5cb02fe0cfe20fc39f2	5	6	Academic/conference_paper.corpus.jsonl.part-00005	25165402	fcf091e4a1f34423c076376e85fc2d14ce60e55dd1b65c802d36029b0bef8f13
sharded	Academic/conference_paper.corpus.jsonl	146832258	3d23e0c0da464375c852d2ee814a231bacd7b878823df5cb02fe0cfe20fc39f2	6	6	Academic/conference_paper.corpus.jsonl.part-00006	21005843	2996e530dbbc4c78d5d25a3ef08ecc8a588cc357f5b5d1aa8547739e12ed6bc2
file	Academic/conference_paper.qrels.test.jsonl	268483	ca3dc9bc13812215e96b969de6e0b3e50884fec3ba1cbf86590f547075d4e7ed	1	1	Academic/conference_paper.qrels.test.jsonl	268483	ca3dc9bc13812215e96b969de6e0b3e50884fec3ba1cbf86590f547075d4e7ed
file	Academic/conference_paper.queries.test.jsonl	62544	9c657a6a23515cd6f143f8c6b86f77c8adb1984f8bc90a5e53ae1f60e10623ef	1	1	Academic/conference_paper.queries.test.jsonl	62544	9c657a6a23515cd6f143f8c6b86f77c8adb1984f8bc90a5e53ae1f60e10623ef
sharded	Academic/course_materials.corpus.jsonl	125334690	f52627abeb6cf7464c22b326ce32edc41778da55f25930b546ae9bd9c1205a4d	1	5	Academic/course_materials.corpus.jsonl.part-00001	25165037	c802761c3f1e896fc78a5a82affd80b7d8fb5b79ce17d858bbbe1443942267ee
sharded	Academic/course_materials.corpus.jsonl	125334690	f52627abeb6cf7464c22b326ce32edc41778da55f25930b546ae9bd9c1205a4d	2	5	Academic/course_materials.corpus.jsonl.part-00002	25165767	554fd84ead44398f5218007fec0d92554c0302efc80e3641f08f4605664deda8
sharded	Academic/course_materials.corpus.jsonl	125334690	f52627abeb6cf7464c22b326ce32edc41778da55f25930b546ae9bd9c1205a4d	3	5	Academic/course_materials.corpus.jsonl.part-00003	25165238	37ae2f9fb6e734011a539bf23c39ef82fe071da65b2e2ad2dbe834ca68de7dc0
sharded	Academic/course_materials.corpus.jsonl	125334690	f52627abeb6cf7464c22b326ce32edc41778da55f25930b546ae9bd9c1205a4d	4	5	Academic/course_materials.corpus.jsonl.part-00004	25165499	b64c45d1b017b0e0c8a3ecc41ff6c56d81c6c6b786aece7e5f41d5a437f5783b
sharded	Academic/course_materials.corpus.jsonl	125334690	f52627abeb6cf7464c22b326ce32edc41778da55f25930b546ae9bd9c1205a4d	5	5	Academic/course_materials.corpus.jsonl.part-00005	24673149	8c900cbf668489276685e828ea3f4ca363b5fe87f3823f84a2a51c132b2e09fb
file	Academic/course_materials.qrels.test.jsonl	184054	70d829501a50f33c86b666682305037631b74484a35439d5956d499775f82b76	1	1	Academic/course_materials.qrels.test.jsonl	184054	70d829501a50f33c86b666682305037631b74484a35439d5956d499775f82b76
file	Academic/course_materials.queries.test.jsonl	70291	9f22682d9a442a90476a3733bc3837cc54fbc2813c1acc1fa1eddfc85d0c80f0	1	1	Academic/course_materials.queries.test.jsonl	70291	9f22682d9a442a90476a3733bc3837cc54fbc2813c1acc1fa1eddfc85d0c80f0
sharded	Academic/digital_learning.corpus.jsonl	181643398	4f2683581aa8c06a8ec1fe63eb779252270e102893501379eb141a05855dbe55	1	8	Academic/digital_learning.corpus.jsonl.part-00001	25164406	f07ff3fe43199889e0ac229689fc8bfb0fd740d0c669d6035454dda23aa44b5f
sharded	Academic/digital_learning.corpus.jsonl	181643398	4f2683581aa8c06a8ec1fe63eb779252270e102893501379eb141a05855dbe55	2	8	Academic/digital_learning.corpus.jsonl.part-00002	25164483	0d5ef0a7e54097efb381e5e270d7252035913055ca3bad49ab3a45482be05a55
sharded	Academic/digital_learning.corpus.jsonl	181643398	4f2683581aa8c06a8ec1fe63eb779252270e102893501379eb141a05855dbe55	3	8	Academic/digital_learning.corpus.jsonl.part-00003	25164363	1ba63a214e83d4fb80ceffd698362adc7c371b2d6aebdc808af1a969f12b1bd3
sharded	Academic/digital_learning.corpus.jsonl	181643398	4f2683581aa8c06a8ec1fe63eb779252270e102893501379eb141a05855dbe55	4	8	Academic/digital_learning.corpus.jsonl.part-00004	25165346	bc5470019bb7648ff4e010674fa4a022b1f8ab4f6d8bdab9fd37bbe040e7701a
sharded	Academic/digital_learning.corpus.jsonl	181643398	4f2683581aa8c06a8ec1fe63eb779252270e102893501379eb141a05855dbe55	5	8	Academic/digital_learning.corpus.jsonl.part-00005	25164470	556120396c2837f5fc114a0916e03395134b2ab02f465cb30d582b9021d3196f
sharded	Academic/digital_learning.corpus.jsonl	181643398	4f2683581aa8c06a8ec1fe63eb779252270e102893501379eb141a05855dbe55	6	8	Academic/digital_learning.corpus.jsonl.part-00006	25165507	d239af15f97d520259c5005b45aa2e45d98e77f853515f4b33f481fb70a27c8d
sharded	Academic/digital_learning.corpus.jsonl	181643398	4f2683581aa8c06a8ec1fe63eb779252270e102893501379eb141a05855dbe55	7	8	Academic/digital_learning.corpus.jsonl.part-00007	25165573	68d50e9f21dcba1f4bf7d56d0c96f40a61f94b0f0174baf29112c96f15163577
sharded	Academic/digital_learning.corpus.jsonl	181643398	4f2683581aa8c06a8ec1fe63eb779252270e102893501379eb141a05855dbe55	8	8	Academic/digital_learning.corpus.jsonl.part-00008	5489250	ecd0d79718b385189bb2ff0f91aa7c7ba884cd20fd461dfea682916946311eb6
file	Academic/digital_learning.qrels.test.jsonl	156123	8ab0a195381e4667fbbdb6953b43d8d7af48fd49b905463aabd28874a1aedfce	1	1	Academic/digital_learning.qrels.test.jsonl	156123	8ab0a195381e4667fbbdb6953b43d8d7af48fd49b905463aabd28874a1aedfce
file	Academic/digital_learning.queries.test.jsonl	64279	197bf660f8f1f79afc384061b022c32ae7f2c916584b33d8b504e261a6906683	1	1	Academic/digital_learning.queries.test.jsonl	64279	197bf660f8f1f79afc384061b022c32ae7f2c916584b33d8b504e261a6906683
sharded	Academic/educational_surv.corpus.jsonl	208968770	7347ab997af910530fa4c7f7cad728d85ab831f95d0f106de8a5ec55e3795d45	1	9	Academic/educational_surv.corpus.jsonl.part-00001	25165322	ee363334e98f00066513f1df86bbdbd01ec813584b8b5201ee5180d5b5aa31a3
sharded	Academic/educational_surv.corpus.jsonl	208968770	7347ab997af910530fa4c7f7cad728d85ab831f95d0f106de8a5ec55e3795d45	2	9	Academic/educational_surv.corpus.jsonl.part-00002	25164744	d3ba333f13eb51f299d79dba1f5487443c04516c53c5bac970a78d3b19c5f8be
sharded	Academic/educational_surv.corpus.jsonl	208968770	7347ab997af910530fa4c7f7cad728d85ab831f95d0f106de8a5ec55e3795d45	3	9	Academic/educational_surv.corpus.jsonl.part-00003	25164564	4fd1332a997a4a75641313a34330f46a639148a42ca18565a56d1b490d2f66f3
sharded	Academic/educational_surv.corpus.jsonl	208968770	7347ab997af910530fa4c7f7cad728d85ab831f95d0f106de8a5ec55e3795d45	4	9	Academic/educational_surv.corpus.jsonl.part-00004	25165783	11024b4be4707b39bc586901039c22eb6a7343b7b75c51b32575e7609a7ada66
sharded	Academic/educational_surv.corpus.jsonl	208968770	7347ab997af910530fa4c7f7cad728d85ab831f95d0f106de8a5ec55e3795d45	5	9	Academic/educational_surv.corpus.jsonl.part-00005	25165321	3811074164c3c2b748e8776e678a9a2280520d3ee2dac343b81d83e332321033
sharded	Academic/educational_surv.corpus.jsonl	208968770	7347ab997af910530fa4c7f7cad728d85ab831f95d0f106de8a5ec55e3795d45	6	9	Academic/educational_surv.corpus.jsonl.part-00006	25164571	779c100922f471b53f1dd4f9639b4d841b2b546becec6b56ebb3da29a6169333
sharded	Academic/educational_surv.corpus.jsonl	208968770	7347ab997af910530fa4c7f7cad728d85ab831f95d0f106de8a5ec55e3795d45	7	9	Academic/educational_surv.corpus.jsonl.part-00007	25165261	f6c5d650dfcebd3c6fa3cf9f6017aea00aa7f525e62b426a00e29b7d4183a5bf
sharded	Academic/educational_surv.corpus.jsonl	208968770	7347ab997af910530fa4c7f7cad728d85ab831f95d0f106de8a5ec55e3795d45	8	9	Academic/educational_surv.corpus.jsonl.part-00008	25165505	1ffb656685746e421dbb2a5e671525762d313bff03049f33cfa439d92aa0ea37
sharded	Academic/educational_surv.corpus.jsonl	208968770	7347ab997af910530fa4c7f7cad728d85ab831f95d0f106de8a5ec55e3795d45	9	9	Academic/educational_surv.corpus.jsonl.part-00009	7647699	ba77f337785c595aaad7577a6740cbd61d477d610e84f2c8413a853fb1c7333a
file	Academic/educational_surv.qrels.test.jsonl	274114	3475245d38255ca0107692a6b37a2a386d952ec9399ff90f630888d790ff66a9	1	1	Academic/educational_surv.qrels.test.jsonl	274114	3475245d38255ca0107692a6b37a2a386d952ec9399ff90f630888d790ff66a9
file	Academic/educational_surv.queries.test.jsonl	69118	71922174d9e0f7da9dc8af69df855bcddf41b3af4632df9fa7dcb773d8b48dc1	1	1	Academic/educational_surv.queries.test.jsonl	69118	71922174d9e0f7da9dc8af69df855bcddf41b3af4632df9fa7dcb773d8b48dc1
sharded	Academic/journal_articles.corpus.jsonl	167836325	983de8ac852292a438e4c2b326cfbc074ac73ec7a4d84c14e54a0bbcba0e96b7	1	7	Academic/journal_articles.corpus.jsonl.part-00001	25164931	4aad10307c7178aadbee32de5c0346cf861cc923347452507757f9c0bdcc83f1
sharded	Academic/journal_articles.corpus.jsonl	167836325	983de8ac852292a438e4c2b326cfbc074ac73ec7a4d84c14e54a0bbcba0e96b7	2	7	Academic/journal_articles.corpus.jsonl.part-00002	25165796	169551f361171b8d38e02ebb9ad4e024f56eedded3ceb06a72e78e2c1103f9e2
sharded	Academic/journal_articles.corpus.jsonl	167836325	983de8ac852292a438e4c2b326cfbc074ac73ec7a4d84c14e54a0bbcba0e96b7	3	7	Academic/journal_articles.corpus.jsonl.part-00003	25164705	13ed87f1438b602bd2b29a82a361b833b0fc56dc144c1fc08d895c6c9cf9771a
sharded	Academic/journal_articles.corpus.jsonl	167836325	983de8ac852292a438e4c2b326cfbc074ac73ec7a4d84c14e54a0bbcba0e96b7	4	7	Academic/journal_articles.corpus.jsonl.part-00004	25165777	baa0fc37c2e9573ac93f04cc97186d55682157cf05011a84a3a9115a5235b633
sharded	Academic/journal_articles.corpus.jsonl	167836325	983de8ac852292a438e4c2b326cfbc074ac73ec7a4d84c14e54a0bbcba0e96b7	5	7	Academic/journal_articles.corpus.jsonl.part-00005	25165207	27b7b6792011160daba173bb0ed26a7f829ce38b51808b91ce7eb5eeb407a5eb
sharded	Academic/journal_articles.corpus.jsonl	167836325	983de8ac852292a438e4c2b326cfbc074ac73ec7a4d84c14e54a0bbcba0e96b7	6	7	Academic/journal_articles.corpus.jsonl.part-00006	25163058	43657a36999e08a50d36a68a713f62a1e0e9942da5f41bab2cd8232b147e4d9d
sharded	Academic/journal_articles.corpus.jsonl	167836325	983de8ac852292a438e4c2b326cfbc074ac73ec7a4d84c14e54a0bbcba0e96b7	7	7	Academic/journal_articles.corpus.jsonl.part-00007	16846851	8b1010606c799f168f8d5c32fb1ad871a6430273fafb29a4fe11cf3893ade5e0
file	Academic/journal_articles.qrels.test.jsonl	224329	3965a0fe13fbd9fc53e79bfcf658974cdf71ae8c6216ea70b76f60f0320affa6	1	1	Academic/journal_articles.qrels.test.jsonl	224329	3965a0fe13fbd9fc53e79bfcf658974cdf71ae8c6216ea70b76f60f0320affa6
file	Academic/journal_articles.queries.test.jsonl	65866	023a83d2338149a485e31f374c4387da9ad41e874b324a965655e9fbbe809ee7	1	1	Academic/journal_articles.queries.test.jsonl	65866	023a83d2338149a485e31f374c4387da9ad41e874b324a965655e9fbbe809ee7
sharded	Academic/laboratory_proto.corpus.jsonl	200248027	7d5e49015a9a54c905fcda2c78bf5b69214d987149b18148f3c50fb784450e8e	1	8	Academic/laboratory_proto.corpus.jsonl.part-00001	25164648	a50f34f5f1db9d27b925e3dd5fd0eab08400811af5dbcdab2c61df515d58a960
sharded	Academic/laboratory_proto.corpus.jsonl	200248027	7d5e49015a9a54c905fcda2c78bf5b69214d987149b18148f3c50fb784450e8e	2	8	Academic/laboratory_proto.corpus.jsonl.part-00002	25165208	941e9b109a9adc5432de551e23c65c694249f963e219aba75c55b19977935cd3
sharded	Academic/laboratory_proto.corpus.jsonl	200248027	7d5e49015a9a54c905fcda2c78bf5b69214d987149b18148f3c50fb784450e8e	3	8	Academic/laboratory_proto.corpus.jsonl.part-00003	25165255	4f0608d48d05361ee37224e31080285f88a803e10e59d90ddfd80e4f5519a4f7
sharded	Academic/laboratory_proto.corpus.jsonl	200248027	7d5e49015a9a54c905fcda2c78bf5b69214d987149b18148f3c50fb784450e8e	4	8	Academic/laboratory_proto.corpus.jsonl.part-00004	25164722	9bbcd33e1f8238bff874b6dce33e06f520db1eaa04fecdde8d2351280f4519fd
sharded	Academic/laboratory_proto.corpus.jsonl	200248027	7d5e49015a9a54c905fcda2c78bf5b69214d987149b18148f3c50fb784450e8e	5	8	Academic/laboratory_proto.corpus.jsonl.part-00005	25165727	646d2ecec12fa19743f90aaab5bf317a190eaaa15d8793dcdade2cf5d13dc189
sharded	Academic/laboratory_proto.corpus.jsonl	200248027	7d5e49015a9a54c905fcda2c78bf5b69214d987149b18148f3c50fb784450e8e	6	8	Academic/laboratory_proto.corpus.jsonl.part-00006	25165373	72ee5dfb355bfcfe15684a76285d77c4b81a5b84d784020e26dc9c9066cb59b9
sharded	Academic/laboratory_proto.corpus.jsonl	200248027	7d5e49015a9a54c905fcda2c78bf5b69214d987149b18148f3c50fb784450e8e	7	8	Academic/laboratory_proto.corpus.jsonl.part-00007	25164924	4859703be30cb62809877114dbbb128b7627e2502a28fea591b2e5e8fc72164a
sharded	Academic/laboratory_proto.corpus.jsonl	200248027	7d5e49015a9a54c905fcda2c78bf5b69214d987149b18148f3c50fb784450e8e	8	8	Academic/laboratory_proto.corpus.jsonl.part-00008	24092170	ae7ed6b655c9cfa54e7a13f4f2f2e1352093814563b378263fb212d202982bb9
file	Academic/laboratory_proto.qrels.test.jsonl	289448	6ad32883b72d33abd8ac2b4acf496e5a6ab12cde63714b142a8c0d1ff9369db5	1	1	Academic/laboratory_proto.qrels.test.jsonl	289448	6ad32883b72d33abd8ac2b4acf496e5a6ab12cde63714b142a8c0d1ff9369db5
file	Academic/laboratory_proto.queries.test.jsonl	69224	9d3e1782e716582823ea9a681b14f336e1427bf0a02b19582e5da771f50eab03	1	1	Academic/laboratory_proto.queries.test.jsonl	69224	9d3e1782e716582823ea9a681b14f336e1427bf0a02b19582e5da771f50eab03
sharded	Academic/patents.corpus.jsonl	165519934	8e15673702e294014e17c0426d41d157e8f5995a0bfaa679d27ca4e5eeb05dbc	1	7	Academic/patents.corpus.jsonl.part-00001	25165053	84834ec4df93cf5bd38fc793010c5f480c0f62fb68ba9a522a52510b95b4d04a
sharded	Academic/patents.corpus.jsonl	165519934	8e15673702e294014e17c0426d41d157e8f5995a0bfaa679d27ca4e5eeb05dbc	2	7	Academic/patents.corpus.jsonl.part-00002	25165037	5a4130a2f8cf0d7d79dbcbce0c994c1af7271d884998cc411947dc3ecb12cdfa
sharded	Academic/patents.corpus.jsonl	165519934	8e15673702e294014e17c0426d41d157e8f5995a0bfaa679d27ca4e5eeb05dbc	3	7	Academic/patents.corpus.jsonl.part-00003	25165192	2c77b741a880083249c7cb18c912988ab3e9b3e2e76ddd8720a0f55513305aee
sharded	Academic/patents.corpus.jsonl	165519934	8e15673702e294014e17c0426d41d157e8f5995a0bfaa679d27ca4e5eeb05dbc	4	7	Academic/patents.corpus.jsonl.part-00004	25165439	7961d4a15651e8831b6dcbaccc71da08f4c3098f8f108ec25ea9563d7ea4e7b9
sharded	Academic/patents.corpus.jsonl	165519934	8e15673702e294014e17c0426d41d157e8f5995a0bfaa679d27ca4e5eeb05dbc	5	7	Academic/patents.corpus.jsonl.part-00005	25165395	b877df329ab50cd751a7ba26299efe91f7cd33a35310af76200d27091befc437
sharded	Academic/patents.corpus.jsonl	165519934	8e15673702e294014e17c0426d41d157e8f5995a0bfaa679d27ca4e5eeb05dbc	6	7	Academic/patents.corpus.jsonl.part-00006	25164745	70abf0678ba83ac1ef4d52d12b6c118920ded17501b37a9c04f103b9948fff59
sharded	Academic/patents.corpus.jsonl	165519934	8e15673702e294014e17c0426d41d157e8f5995a0bfaa679d27ca4e5eeb05dbc	7	7	Academic/patents.corpus.jsonl.part-00007	14529073	13f2f3b8e2149dfa96535e1382c280e1647a290290bf43529f438819f7440342
file	Academic/patents.qrels.test.jsonl	200936	ccc032781e4feb906570dfbcc0514ca3beb3fcaf302ede491f4ca20438d91dc6	1	1	Academic/patents.qrels.test.jsonl	200936	ccc032781e4feb906570dfbcc0514ca3beb3fcaf302ede491f4ca20438d91dc6
file	Academic/patents.queries.test.jsonl	68293	ce449aa2b45cd9ff84636ce012e23565822301ab1ba88c972aee0a36c1cca77e	1	1	Academic/patents.queries.test.jsonl	68293	ce449aa2b45cd9ff84636ce012e23565822301ab1ba88c972aee0a36c1cca77e
sharded	Academic/preprints.corpus.jsonl	156957646	f448a5b9fff09ed634f84653d532ac608f5576c994b949f097ae23f363a85d77	1	7	Academic/preprints.corpus.jsonl.part-00001	25164786	d317280b9f09acf670616c46dd6250a865f1729875b31c94e1ecfef41742abc1
sharded	Academic/preprints.corpus.jsonl	156957646	f448a5b9fff09ed634f84653d532ac608f5576c994b949f097ae23f363a85d77	2	7	Academic/preprints.corpus.jsonl.part-00002	25164615	a6e24618b840541990ecb5b0fededf616ac14d4d26c0e1523c17d4be9a664961
sharded	Academic/preprints.corpus.jsonl	156957646	f448a5b9fff09ed634f84653d532ac608f5576c994b949f097ae23f363a85d77	3	7	Academic/preprints.corpus.jsonl.part-00003	25164860	ebd64216dee007e405454d2eddfc60d39dee27336a4d6bb459fbbf9f9bcb3265
sharded	Academic/preprints.corpus.jsonl	156957646	f448a5b9fff09ed634f84653d532ac608f5576c994b949f097ae23f363a85d77	4	7	Academic/preprints.corpus.jsonl.part-00004	25165271	f96fa9c293a725e5524b68cdf25ed95bb1ce6a5f7d1b2def4364cd0004a32a72
sharded	Academic/preprints.corpus.jsonl	156957646	f448a5b9fff09ed634f84653d532ac608f5576c994b949f097ae23f363a85d77	5	7	Academic/preprints.corpus.jsonl.part-00005	25165557	d94005f9265de2dc721ff1a3f69f6e0d1d6333492183c05f67480c78ba6310a5
sharded	Academic/preprints.corpus.jsonl	156957646	f448a5b9fff09ed634f84653d532ac608f5576c994b949f097ae23f363a85d77	6	7	Academic/preprints.corpus.jsonl.part-00006	25164986	e25178088c90c5f33c505cedbef40f9ba1e80670060452efbe46f979d8a75326
sharded	Academic/preprints.corpus.jsonl	156957646	f448a5b9fff09ed634f84653d532ac608f5576c994b949f097ae23f363a85d77	7	7	Academic/preprints.corpus.jsonl.part-00007	5967571	5339cd6ec20655bf6a741d6df4a350fb9753be3dc95dd54b87267ca29faf3ca5
file	Academic/preprints.qrels.test.jsonl	213952	224f298b747a47ff4d64d2f1045879c32f9dcc24c3b96525a10790737b90c095	1	1	Academic/preprints.qrels.test.jsonl	213952	224f298b747a47ff4d64d2f1045879c32f9dcc24c3b96525a10790737b90c095
file	Academic/preprints.queries.test.jsonl	65115	013b13f895048e72f34f10d3c5e1f8b9452939700c5c7d8959a3a620f8fa4d92	1	1	Academic/preprints.queries.test.jsonl	65115	013b13f895048e72f34f10d3c5e1f8b9452939700c5c7d8959a3a620f8fa4d92
sharded	Academic/research_data.corpus.jsonl	165328843	15cc0e24b241545de9a4cd6ec548cf4546f3af397ec1c5279f199c16861870dd	1	7	Academic/research_data.corpus.jsonl.part-00001	25165564	b754b28611f56c9b45e02ea20a2dadb32b8e18a7b2fa1020a1d3fc00efa6fc69
sharded	Academic/research_data.corpus.jsonl	165328843	15cc0e24b241545de9a4cd6ec548cf4546f3af397ec1c5279f199c16861870dd	2	7	Academic/research_data.corpus.jsonl.part-00002	25164922	d28813caade35affb560010330b6d87fa8ccf5b8bbada4d5c76b2880df2a0261
sharded	Academic/research_data.corpus.jsonl	165328843	15cc0e24b241545de9a4cd6ec548cf4546f3af397ec1c5279f199c16861870dd	3	7	Academic/research_data.corpus.jsonl.part-00003	25165473	c4a7c9596f8ffad9ee7fa011a5f657a207a823c997376ecfc513ec34053d777b
sharded	Academic/research_data.corpus.jsonl	165328843	15cc0e24b241545de9a4cd6ec548cf4546f3af397ec1c5279f199c16861870dd	4	7	Academic/research_data.corpus.jsonl.part-00004	25165487	de2dae3ff302fd51f30441b80a177550422fbcf60f2e5753cbee78192ebe0981
sharded	Academic/research_data.corpus.jsonl	165328843	15cc0e24b241545de9a4cd6ec548cf4546f3af397ec1c5279f199c16861870dd	5	7	Academic/research_data.corpus.jsonl.part-00005	25164829	a5d0c49c5c2ad14e094190c5dc72be67e18e6cf6574a135e54cd1207bca1df18
sharded	Academic/research_data.corpus.jsonl	165328843	15cc0e24b241545de9a4cd6ec548cf4546f3af397ec1c5279f199c16861870dd	6	7	Academic/research_data.corpus.jsonl.part-00006	25165445	ff215299710c25b40222a6fe19874fa32d02516aaec34aad24f5a6f1c54a1627
sharded	Academic/research_data.corpus.jsonl	165328843	15cc0e24b241545de9a4cd6ec548cf4546f3af397ec1c5279f199c16861870dd	7	7	Academic/research_data.corpus.jsonl.part-00007	14337123	85a15ce5bd890c754581669f78391c136afbbc576f0a88ba27c6e8e664e5fc49
file	Academic/research_data.qrels.test.jsonl	183763	4a73e0f6b8f86d7c1e3d0ac2692b3db7b894d5aa0b0dc5a4e9887f7f9622e073	1	1	Academic/research_data.qrels.test.jsonl	183763	4a73e0f6b8f86d7c1e3d0ac2692b3db7b894d5aa0b0dc5a4e9887f7f9622e073
file	Academic/research_data.queries.test.jsonl	64927	4e67e865b427b874daf2de930f0d0556772166639615d0c8d0d8c6e6339da83a	1	1	Academic/research_data.queries.test.jsonl	64927	4e67e865b427b874daf2de930f0d0556772166639615d0c8d0d8c6e6339da83a
sharded	Academic/research_grants.corpus.jsonl	121694202	38c48e5b1f5d8bd4efe72c2cfe221ff11eec1c6a1d9a08941bb20d3e225e7766	1	5	Academic/research_grants.corpus.jsonl.part-00001	25165636	db8bfd822c20ad0db39fe277138e1ed81ab3e788055570e04708f811bcb5d90d
sharded	Academic/research_grants.corpus.jsonl	121694202	38c48e5b1f5d8bd4efe72c2cfe221ff11eec1c6a1d9a08941bb20d3e225e7766	2	5	Academic/research_grants.corpus.jsonl.part-00002	25165333	fad32a2d0339a713376b495917205f2b1a07383ca5a29fe1fd9ff4c619a66e5b
sharded	Academic/research_grants.corpus.jsonl	121694202	38c48e5b1f5d8bd4efe72c2cfe221ff11eec1c6a1d9a08941bb20d3e225e7766	3	5	Academic/research_grants.corpus.jsonl.part-00003	25165262	3f552c8a5be1ea7af455d37b0686f694d468538118cb30d9995a0e80c40ba814
sharded	Academic/research_grants.corpus.jsonl	121694202	38c48e5b1f5d8bd4efe72c2cfe221ff11eec1c6a1d9a08941bb20d3e225e7766	4	5	Academic/research_grants.corpus.jsonl.part-00004	25165424	7ecabcd046ddf498ab89e7286ba8ee1a2a7f2c99b459a7efb4ada774b0e26be7
sharded	Academic/research_grants.corpus.jsonl	121694202	38c48e5b1f5d8bd4efe72c2cfe221ff11eec1c6a1d9a08941bb20d3e225e7766	5	5	Academic/research_grants.corpus.jsonl.part-00005	21032547	5db91ba6317ab29d5b4bef98c7c910b063800a9cd14d5796993fb63f9186e2a9
file	Academic/research_grants.qrels.test.jsonl	319101	9adc19bdb2e69db5b50d3d198471a76147a1b5fd24a52e22ab0ffb7b3df8e437	1	1	Academic/research_grants.qrels.test.jsonl	319101	9adc19bdb2e69db5b50d3d198471a76147a1b5fd24a52e22ab0ffb7b3df8e437
file	Academic/research_grants.queries.test.jsonl	69778	3cc5d5b843265bea329014c82ba2403f3895a5a857eb8c3a40213010992e00cc	1	1	Academic/research_grants.queries.test.jsonl	69778	3cc5d5b843265bea329014c82ba2403f3895a5a857eb8c3a40213010992e00cc
sharded	Academic/research_tutoria.corpus.jsonl	128499050	5a08d49e2f33f1cd4554dbff1ad9d8a2efaaf3a8e1096f894f639153df895776	1	6	Academic/research_tutoria.corpus.jsonl.part-00001	25165754	993c96d80fac5755bd83938cab3ff049c3031469b3f0635d4bc1ba3125502a3a
sharded	Academic/research_tutoria.corpus.jsonl	128499050	5a08d49e2f33f1cd4554dbff1ad9d8a2efaaf3a8e1096f894f639153df895776	2	6	Academic/research_tutoria.corpus.jsonl.part-00002	25165545	58073115f657d179aaf5d241892e77b59368fdf358e6ad6b6229ed41ba80cfe6
sharded	Academic/research_tutoria.corpus.jsonl	128499050	5a08d49e2f33f1cd4554dbff1ad9d8a2efaaf3a8e1096f894f639153df895776	3	6	Academic/research_tutoria.corpus.jsonl.part-00003	25165563	77f6e3180db04203e32beb2121ff8b0d9331e71767afe6ca80a951b75ad715a1
sharded	Academic/research_tutoria.corpus.jsonl	128499050	5a08d49e2f33f1cd4554dbff1ad9d8a2efaaf3a8e1096f894f639153df895776	4	6	Academic/research_tutoria.corpus.jsonl.part-00004	25165778	330456549ef293fa7d4a8b9c85a6683a390b5f1642e9e697b0f8f2a890f7528b
sharded	Academic/research_tutoria.corpus.jsonl	128499050	5a08d49e2f33f1cd4554dbff1ad9d8a2efaaf3a8e1096f894f639153df895776	5	6	Academic/research_tutoria.corpus.jsonl.part-00005	25165291	910ded56440f2c8a77b0c67ab9201705e15f4e9d7ec475996a4e0e6db3febe7c
sharded	Academic/research_tutoria.corpus.jsonl	128499050	5a08d49e2f33f1cd4554dbff1ad9d8a2efaaf3a8e1096f894f639153df895776	6	6	Academic/research_tutoria.corpus.jsonl.part-00006	2671119	48844d6ee9f315e53688ee24c3676c7452abb64899e745bae07dc14f2e39bb13
file	Academic/research_tutoria.qrels.test.jsonl	235146	e7f847be25ba100560bad24df4d9c898ce0551004274361692e33fb1c41e6fae	1	1	Academic/research_tutoria.qrels.test.jsonl	235146	e7f847be25ba100560bad24df4d9c898ce0551004274361692e33fb1c41e6fae
file	Academic/research_tutoria.queries.test.jsonl	67924	feebacf3853535c5577a390fcbe76ffd84851a8ea95085c2fa1959468c3a2585	1	1	Academic/research_tutoria.queries.test.jsonl	67924	feebacf3853535c5577a390fcbe76ffd84851a8ea95085c2fa1959468c3a2585
sharded	Academic/scholarly_events.corpus.jsonl	155510708	aa46c13beca8b294ec4e8596ef5a28512febc2b1d8182b2bfbc1a67004bb3813	1	7	Academic/scholarly_events.corpus.jsonl.part-00001	25164851	5617717f4227852bcef48e3680af8a1de6e509907626049d40c8974ee7e49e07
sharded	Academic/scholarly_events.corpus.jsonl	155510708	aa46c13beca8b294ec4e8596ef5a28512febc2b1d8182b2bfbc1a67004bb3813	2	7	Academic/scholarly_events.corpus.jsonl.part-00002	25165165	bee75ca5d9cf79744fa638b30983c075771a6040a4b006cdf07414abb2f88e1d
sharded	Academic/scholarly_events.corpus.jsonl	155510708	aa46c13beca8b294ec4e8596ef5a28512febc2b1d8182b2bfbc1a67004bb3813	3	7	Academic/scholarly_events.corpus.jsonl.part-00003	25164554	446ff717ca5eb566f62d118134ae0b4ffcff7b2eb501b7fde7171b90edff27e7
sharded	Academic/scholarly_events.corpus.jsonl	155510708	aa46c13beca8b294ec4e8596ef5a28512febc2b1d8182b2bfbc1a67004bb3813	4	7	Academic/scholarly_events.corpus.jsonl.part-00004	25165128	30ad74fa7a0ce776cc6556fa971b447ac30b1369af9d29fd9c5a1d95f0ac7d06
sharded	Academic/scholarly_events.corpus.jsonl	155510708	aa46c13beca8b294ec4e8596ef5a28512febc2b1d8182b2bfbc1a67004bb3813	5	7	Academic/scholarly_events.corpus.jsonl.part-00005	25165013	35ad0c0f0a0983f4e7d10a4d2758ef1885631183bfd557b8cda6e6856f4e5f19
sharded	Academic/scholarly_events.corpus.jsonl	155510708	aa46c13beca8b294ec4e8596ef5a28512febc2b1d8182b2bfbc1a67004bb3813	6	7	Academic/scholarly_events.corpus.jsonl.part-00006	25165557	7a8acb1dcd82d630679710846e21e177f1116bd2c97036c3bef7da1801bd2cd8
sharded	Academic/scholarly_events.corpus.jsonl	155510708	aa46c13beca8b294ec4e8596ef5a28512febc2b1d8182b2bfbc1a67004bb3813	7	7	Academic/scholarly_events.corpus.jsonl.part-00007	4520440	e0b389aae90b7c8a6614ca8a96df3d1ff30642fb076772515b995a8d26ea4ccc
file	Academic/scholarly_events.qrels.test.jsonl	194529	cf751afe832148255240dce62821e4c002f6d5aab8c5c410ac893a5b59c96a37	1	1	Academic/scholarly_events.qrels.test.jsonl	194529	cf751afe832148255240dce62821e4c002f6d5aab8c5c410ac893a5b59c96a37
file	Academic/scholarly_events.queries.test.jsonl	66267	e230fa6d2dbb72fb21d328233738f2ea438f0f8bf72967e46ffc338a90b10ee5	1	1	Academic/scholarly_events.queries.test.jsonl	66267	e230fa6d2dbb72fb21d328233738f2ea438f0f8bf72967e46ffc338a90b10ee5
sharded	Academic/theses_and_disse.corpus.jsonl	239229864	e61927fd79d6340b6405fa30376e9acc3e104066a2347d0b7a8ddf6b0170c057	1	10	Academic/theses_and_disse.corpus.jsonl.part-00001	25164349	e50108bd630d1ec8106c9e9af4ad36cfc88508555d7d8ba3bfa7d63deed44565
sharded	Academic/theses_and_disse.corpus.jsonl	239229864	e61927fd79d6340b6405fa30376e9acc3e104066a2347d0b7a8ddf6b0170c057	2	10	Academic/theses_and_disse.corpus.jsonl.part-00002	25165070	e26f5a6a99ab68a90fcd5ae98355eb3cf74cd2681b09778a9043c7ba90bd988e
sharded	Academic/theses_and_disse.corpus.jsonl	239229864	e61927fd79d6340b6405fa30376e9acc3e104066a2347d0b7a8ddf6b0170c057	3	10	Academic/theses_and_disse.corpus.jsonl.part-00003	25164950	02aa2c2207b2c58ede4605fe617cc53d3f50f8eef3430a6179420966bd029ca4
sharded	Academic/theses_and_disse.corpus.jsonl	239229864	e61927fd79d6340b6405fa30376e9acc3e104066a2347d0b7a8ddf6b0170c057	4	10	Academic/theses_and_disse.corpus.jsonl.part-00004	25165274	57b6b1643c5ee3196aa56afaf17c4ec48d4c733d38aeb52eb7fbe489aed91d0d
sharded	Academic/theses_and_disse.corpus.jsonl	239229864	e61927fd79d6340b6405fa30376e9acc3e104066a2347d0b7a8ddf6b0170c057	5	10	Academic/theses_and_disse.corpus.jsonl.part-00005	25164976	c778456a70afe0e189cac5a6c1b74bf04bb88b2572acd7d2d99fd5295ef1846f
sharded	Academic/theses_and_disse.corpus.jsonl	239229864	e61927fd79d6340b6405fa30376e9acc3e104066a2347d0b7a8ddf6b0170c057	6	10	Academic/theses_and_disse.corpus.jsonl.part-00006	25164732	180a20438c29e85052fe449e3917441cfa9ea8f5c2d79c32d422b58fe281636b
sharded	Academic/theses_and_disse.corpus.jsonl	239229864	e61927fd79d6340b6405fa30376e9acc3e104066a2347d0b7a8ddf6b0170c057	7	10	Academic/theses_and_disse.corpus.jsonl.part-00007	25165061	0037b73be2a36ad6b9a24fedb325e174b387423c858281f8a3a4ed0a15666e8e
sharded	Academic/theses_and_disse.corpus.jsonl	239229864	e61927fd79d6340b6405fa30376e9acc3e104066a2347d0b7a8ddf6b0170c057	8	10	Academic/theses_and_disse.corpus.jsonl.part-00008	25164797	568c63608160339400e239e04ef1635793d7ce259f0f1488f5021682c52aaacd
sharded	Academic/theses_and_disse.corpus.jsonl	239229864	e61927fd79d6340b6405fa30376e9acc3e104066a2347d0b7a8ddf6b0170c057	9	10	Academic/theses_and_disse.corpus.jsonl.part-00009	25164765	3240785adf26543f5c814fdc4fcc493aaee2c91c6ebae9c659895ce7f541567c
sharded	Academic/theses_and_disse.corpus.jsonl	239229864	e61927fd79d6340b6405fa30376e9acc3e104066a2347d0b7a8ddf6b0170c057	10	10	Academic/theses_and_disse.corpus.jsonl.part-00010	12745890	efd7b6bfc7de6d9000e48b0d157d526c43a44f4fc7b5af2fe434cfa3278dc45e
file	Academic/theses_and_disse.qrels.test.jsonl	289476	85fb7936c1360596e69ddd0229635bfc9e18f99e30fad1e7da3e5a8470bd501e	1	1	Academic/theses_and_disse.qrels.test.jsonl	289476	85fb7936c1360596e69ddd0229635bfc9e18f99e30fad1e7da3e5a8470bd501e
file	Academic/theses_and_disse.queries.test.jsonl	67383	eecda531152f74344a900095bd8aa0a268ebdbd2437b78991e96e43f1ad21045	1	1	Academic/theses_and_disse.queries.test.jsonl	67383	eecda531152f74344a900095bd8aa0a268ebdbd2437b78991e96e43f1ad21045
sharded	Finance_and_Economics/banking_transact.corpus.jsonl	64619115	284d8607e02c92643af40336bc9d1c68415604571be504540f24b43fa2cc909d	1	3	Finance_and_Economics/banking_transact.corpus.jsonl.part-00001	25165570	c92ae2e697afa57b0c579f72e2f4eac1b98e47266e6a4309366acdc30d6bc3c7
sharded	Finance_and_Economics/banking_transact.corpus.jsonl	64619115	284d8607e02c92643af40336bc9d1c68415604571be504540f24b43fa2cc909d	2	3	Finance_and_Economics/banking_transact.corpus.jsonl.part-00002	25165505	09ced1a1bdc8f18c864ef4f6bbccea69722229f799deff4c747ba88d21e7575e
sharded	Finance_and_Economics/banking_transact.corpus.jsonl	64619115	284d8607e02c92643af40336bc9d1c68415604571be504540f24b43fa2cc909d	3	3	Finance_and_Economics/banking_transact.corpus.jsonl.part-00003	14288040	c2a86c1f50efa514b81ae69981051d663e15bf0a1e510436d80f1349298e2652
file	Finance_and_Economics/banking_transact.qrels.test.jsonl	193032	deec0731dd1b85926a9409a78d219074baaf0e99fe4c141cd98064055b64fd40	1	1	Finance_and_Economics/banking_transact.qrels.test.jsonl	193032	deec0731dd1b85926a9409a78d219074baaf0e99fe4c141cd98064055b64fd40
file	Finance_and_Economics/banking_transact.queries.test.jsonl	64831	c1ff86a497dc000a5d8af4b85be6491cf76191bb7f5d54380d22285cb55bd5d3	1	1	Finance_and_Economics/banking_transact.queries.test.jsonl	64831	c1ff86a497dc000a5d8af4b85be6491cf76191bb7f5d54380d22285cb55bd5d3
sharded	Finance_and_Economics/corporate_financ.corpus.jsonl	132389804	6d88ffb004d725bf7884cfa1d660a6cb159113e7cb2bc1219bb4e9fbd061c47c	1	6	Finance_and_Economics/corporate_financ.corpus.jsonl.part-00001	25165588	0ff032239c40b8e451c63caa86c891ebdea8159d09106bfabbb60bb8f970b199
sharded	Finance_and_Economics/corporate_financ.corpus.jsonl	132389804	6d88ffb004d725bf7884cfa1d660a6cb159113e7cb2bc1219bb4e9fbd061c47c	2	6	Finance_and_Economics/corporate_financ.corpus.jsonl.part-00002	25165600	d8f8847f39bd8c7423e8c58a1e4a72bb5790eaaf694cfb9869a191b0a212f771
sharded	Finance_and_Economics/corporate_financ.corpus.jsonl	132389804	6d88ffb004d725bf7884cfa1d660a6cb159113e7cb2bc1219bb4e9fbd061c47c	3	6	Finance_and_Economics/corporate_financ.corpus.jsonl.part-00003	25165605	d0c96e31e10bf0477b93157d6a67b11d25e1eaf1df17d38014e62bd71f53f6f9
sharded	Finance_and_Economics/corporate_financ.corpus.jsonl	132389804	6d88ffb004d725bf7884cfa1d660a6cb159113e7cb2bc1219bb4e9fbd061c47c	4	6	Finance_and_Economics/corporate_financ.corpus.jsonl.part-00004	25165671	76b0c9be5332a9ec3ba86738226fea16b8a63c318825c6ab66dada7c2ca0dfec
sharded	Finance_and_Economics/corporate_financ.corpus.jsonl	132389804	6d88ffb004d725bf7884cfa1d660a6cb159113e7cb2bc1219bb4e9fbd061c47c	5	6	Finance_and_Economics/corporate_financ.corpus.jsonl.part-00005	25165168	5bf57f739f385c589f659d9af76e1d130b9c4afd7040e097acaa7309e4a0ec5f
sharded	Finance_and_Economics/corporate_financ.corpus.jsonl	132389804	6d88ffb004d725bf7884cfa1d660a6cb159113e7cb2bc1219bb4e9fbd061c47c	6	6	Finance_and_Economics/corporate_financ.corpus.jsonl.part-00006	6562172	39837c1888cf3c0b5eb6d7e2425596066b7f11065d0088e0c7a0f73f635b7558
file	Finance_and_Economics/corporate_financ.qrels.test.jsonl	185219	1a6c71471cb9337f95b4e816de84c057f61ffaf017190ba0512bb9f5a9ff9dcc	1	1	Finance_and_Economics/corporate_financ.qrels.test.jsonl	185219	1a6c71471cb9337f95b4e816de84c057f61ffaf017190ba0512bb9f5a9ff9dcc
file	Finance_and_Economics/corporate_financ.queries.test.jsonl	71393	ecb5442f0865c9b2a4d4aa727b92ce4cefc7d55afc5cd2da6fb8ae6d29935519	1	1	Finance_and_Economics/corporate_financ.queries.test.jsonl	71393	ecb5442f0865c9b2a4d4aa727b92ce4cefc7d55afc5cd2da6fb8ae6d29935519
sharded	Finance_and_Economics/cryptocurrency_a.corpus.jsonl	78088742	a1bbcd1c18a70843ba2ae9c39dc327d8e66c36138b98ff8c58b36efb046528ef	1	4	Finance_and_Economics/cryptocurrency_a.corpus.jsonl.part-00001	25165676	76b79b23ce81b658403028b6d3e23ee71a4b8c08d82fff40dfbba0908cf93ad3
sharded	Finance_and_Economics/cryptocurrency_a.corpus.jsonl	78088742	a1bbcd1c18a70843ba2ae9c39dc327d8e66c36138b98ff8c58b36efb046528ef	2	4	Finance_and_Economics/cryptocurrency_a.corpus.jsonl.part-00002	25165510	5b64944c3f9a2db16396b2580390d8a86fa043b402d062c589ea0147ecc4e5b4
sharded	Finance_and_Economics/cryptocurrency_a.corpus.jsonl	78088742	a1bbcd1c18a70843ba2ae9c39dc327d8e66c36138b98ff8c58b36efb046528ef	3	4	Finance_and_Economics/cryptocurrency_a.corpus.jsonl.part-00003	25165582	99583949c0c1db8bab385669f3196ef97d2fe0293de1ca448097ba8366fad75e
sharded	Finance_and_Economics/cryptocurrency_a.corpus.jsonl	78088742	a1bbcd1c18a70843ba2ae9c39dc327d8e66c36138b98ff8c58b36efb046528ef	4	4	Finance_and_Economics/cryptocurrency_a.corpus.jsonl.part-00004	2591974	9734ad66ef27188764ea65458d7f95a89ef7e284a643997cb65f99314a68d88e
file	Finance_and_Economics/cryptocurrency_a.qrels.test.jsonl	200339	55d525a7a3f2ae84f11c7bcc8b417c1c9abfda0e56aee951075d753486084e4b	1	1	Finance_and_Economics/cryptocurrency_a.qrels.test.jsonl	200339	55d525a7a3f2ae84f11c7bcc8b417c1c9abfda0e56aee951075d753486084e4b
file	Finance_and_Economics/cryptocurrency_a.queries.test.jsonl	69550	dc568e005f01499e420f7f768174be161a2239c4039e5e08a0f0b08dc956b405	1	1	Finance_and_Economics/cryptocurrency_a.queries.test.jsonl	69550	dc568e005f01499e420f7f768174be161a2239c4039e5e08a0f0b08dc956b405
sharded	Finance_and_Economics/economic_indicat.corpus.jsonl	71947262	a093e68048fc311949b5f44841359273a604e8f7c0c888b1e273e85d53314e85	1	3	Finance_and_Economics/economic_indicat.corpus.jsonl.part-00001	25165548	bb8b608d6f74e899ac164477ba14c6c91d0d1882471ff8c5ec06480ee72e1f53
sharded	Finance_and_Economics/economic_indicat.corpus.jsonl	71947262	a093e68048fc311949b5f44841359273a604e8f7c0c888b1e273e85d53314e85	2	3	Finance_and_Economics/economic_indicat.corpus.jsonl.part-00002	25165265	2172806ee67d7da7d72008dadd63983b8e5ac6640bc1211b4c52ca072d1d46db
sharded	Finance_and_Economics/economic_indicat.corpus.jsonl	71947262	a093e68048fc311949b5f44841359273a604e8f7c0c888b1e273e85d53314e85	3	3	Finance_and_Economics/economic_indicat.corpus.jsonl.part-00003	21616449	9c53b33a1082144fb9322465155301aca65e8d04ab4cdf7e2eca43399c59783a
file	Finance_and_Economics/economic_indicat.qrels.test.jsonl	142750	6f3aeb52ad8ae06f96e662527d29d0590f4604e52aa8e2fdfba01bbe07c5337a	1	1	Finance_and_Economics/economic_indicat.qrels.test.jsonl	142750	6f3aeb52ad8ae06f96e662527d29d0590f4604e52aa8e2fdfba01bbe07c5337a
file	Finance_and_Economics/economic_indicat.queries.test.jsonl	65302	5ab20cb7bb10f6fe4ab420eb6d6528c7f15c6ba79417099672f0972e97a8de1a	1	1	Finance_and_Economics/economic_indicat.queries.test.jsonl	65302	5ab20cb7bb10f6fe4ab420eb6d6528c7f15c6ba79417099672f0972e97a8de1a
sharded	Finance_and_Economics/financial_risk_a.corpus.jsonl	95712462	4943a7ab1acb5ef97ef8e75e29c403c55d3e642234da7a5c221b3be877466d9e	1	4	Finance_and_Economics/financial_risk_a.corpus.jsonl.part-00001	25165801	17cd03c8d7271bad945110885a219170579a106b46642d7052810da8cfa60242
sharded	Finance_and_Economics/financial_risk_a.corpus.jsonl	95712462	4943a7ab1acb5ef97ef8e75e29c403c55d3e642234da7a5c221b3be877466d9e	2	4	Finance_and_Economics/financial_risk_a.corpus.jsonl.part-00002	25165120	07f83276c9e284e0af7b02c5870870eefd3946b3a6891880090684e0d5508be3
sharded	Finance_and_Economics/financial_risk_a.corpus.jsonl	95712462	4943a7ab1acb5ef97ef8e75e29c403c55d3e642234da7a5c221b3be877466d9e	3	4	Finance_and_Economics/financial_risk_a.corpus.jsonl.part-00003	25165115	f47f17a155e24372ad0df805e0a1b56cd323fbb1fe8440f5e2aefbe6f4f16962
sharded	Finance_and_Economics/financial_risk_a.corpus.jsonl	95712462	4943a7ab1acb5ef97ef8e75e29c403c55d3e642234da7a5c221b3be877466d9e	4	4	Finance_and_Economics/financial_risk_a.corpus.jsonl.part-00004	20216426	51816dc7377fa38484bddb5331ef36dc2416c0772fdc71f79b0d4aa39bd05a33
file	Finance_and_Economics/financial_risk_a.qrels.test.jsonl	176363	89f3932ea126d5f00528f357c6c20aff0978abdee7a39b7f9d9befd503aa2ed2	1	1	Finance_and_Economics/financial_risk_a.qrels.test.jsonl	176363	89f3932ea126d5f00528f357c6c20aff0978abdee7a39b7f9d9befd503aa2ed2
file	Finance_and_Economics/financial_risk_a.queries.test.jsonl	70634	8c1b81bc51fc983038e5b8f666a946248538b0d99abfa78c0f1c6996e899d633	1	1	Finance_and_Economics/financial_risk_a.queries.test.jsonl	70634	8c1b81bc51fc983038e5b8f666a946248538b0d99abfa78c0f1c6996e899d633
sharded	Finance_and_Economics/insurance_policy.corpus.jsonl	95193464	7ba57a6ac6391f1d977079edb93ea8d9a1575dd9f19a8ce8795c6aa72502eb98	1	4	Finance_and_Economics/insurance_policy.corpus.jsonl.part-00001	25165390	4df088df8eebd3ef568ab77d999cc26c758b4006d801f5197d8f9acdfa2e2cb0
sharded	Finance_and_Economics/insurance_policy.corpus.jsonl	95193464	7ba57a6ac6391f1d977079edb93ea8d9a1575dd9f19a8ce8795c6aa72502eb98	2	4	Finance_and_Economics/insurance_policy.corpus.jsonl.part-00002	25165589	975e0f1ac21f204b9ba79d59543a61c7edb59c9d81069511deb9b60ba7b67c76
sharded	Finance_and_Economics/insurance_policy.corpus.jsonl	95193464	7ba57a6ac6391f1d977079edb93ea8d9a1575dd9f19a8ce8795c6aa72502eb98	3	4	Finance_and_Economics/insurance_policy.corpus.jsonl.part-00003	25165727	15df10098e3ee74b2fded4f05c9eee9ce4202d8db723bc2e2d81e85c67a12ad3
sharded	Finance_and_Economics/insurance_policy.corpus.jsonl	95193464	7ba57a6ac6391f1d977079edb93ea8d9a1575dd9f19a8ce8795c6aa72502eb98	4	4	Finance_and_Economics/insurance_policy.corpus.jsonl.part-00004	19696758	6431bd1cd60634fcf768c4df874e6f91c5cdfd17656410c45ded0ac61759e658
file	Finance_and_Economics/insurance_policy.qrels.test.jsonl	248273	ff40594a148c2fac179296196de0701b89d0962b91ccd708bab2d35d25820b4d	1	1	Finance_and_Economics/insurance_policy.qrels.test.jsonl	248273	ff40594a148c2fac179296196de0701b89d0962b91ccd708bab2d35d25820b4d
file	Finance_and_Economics/insurance_policy.queries.test.jsonl	69831	4b772f2f701ee9a57f24e7ae8cec40ead50accef83ab5e9c1b573674654d7f23	1	1	Finance_and_Economics/insurance_policy.queries.test.jsonl	69831	4b772f2f701ee9a57f24e7ae8cec40ead50accef83ab5e9c1b573674654d7f23
sharded	Finance_and_Economics/international_tr.corpus.jsonl	147435453	94678e9b80e2d3ae93ea2594be6cc8b355e5e3da79915c19e8d51f098fd55342	1	6	Finance_and_Economics/international_tr.corpus.jsonl.part-00001	25165309	d079caf61afa6aa0b6443fa474e0e8d641d35c439d33266288ccd8dfe5ac1db7
sharded	Finance_and_Economics/international_tr.corpus.jsonl	147435453	94678e9b80e2d3ae93ea2594be6cc8b355e5e3da79915c19e8d51f098fd55342	2	6	Finance_and_Economics/international_tr.corpus.jsonl.part-00002	25165072	80e2f49d29c2a61761cea09a8fb69db1af30115e87fa8a7f7bc096805cfaf1b7
sharded	Finance_and_Economics/international_tr.corpus.jsonl	147435453	94678e9b80e2d3ae93ea2594be6cc8b355e5e3da79915c19e8d51f098fd55342	3	6	Finance_and_Economics/international_tr.corpus.jsonl.part-00003	25165141	7ee39ef3429d229f651bd2565dc2473bbd4885c18a0df5039a9c39ea2bff48cb
sharded	Finance_and_Economics/international_tr.corpus.jsonl	147435453	94678e9b80e2d3ae93ea2594be6cc8b355e5e3da79915c19e8d51f098fd55342	4	6	Finance_and_Economics/international_tr.corpus.jsonl.part-00004	25164935	413c85df96863692567c5099175e9c00cc50f4b539b6827f0301be3a77b7ce2e
sharded	Finance_and_Economics/international_tr.corpus.jsonl	147435453	94678e9b80e2d3ae93ea2594be6cc8b355e5e3da79915c19e8d51f098fd55342	5	6	Finance_and_Economics/international_tr.corpus.jsonl.part-00005	25165597	d23797ee5a2a00c33213fd52f86972e742298f934867f11ac1880abd61e95bc0
sharded	Finance_and_Economics/international_tr.corpus.jsonl	147435453	94678e9b80e2d3ae93ea2594be6cc8b355e5e3da79915c19e8d51f098fd55342	6	6	Finance_and_Economics/international_tr.corpus.jsonl.part-00006	21609399	fd3dfa7e157a33dead44c1441c02cae41acf5b89be9c9be22d45980a2ebb0cdd
file	Finance_and_Economics/international_tr.qrels.test.jsonl	245286	81253268b1519568c458337b9faa47533f68d59f1b756da1aeb17f2d59f2691e	1	1	Finance_and_Economics/international_tr.qrels.test.jsonl	245286	81253268b1519568c458337b9faa47533f68d59f1b756da1aeb17f2d59f2691e
file	Finance_and_Economics/international_tr.queries.test.jsonl	69692	d9faa787a5d6377994d154b151c5ea8928fa88ed5e0e16faf881c400f690f2cf	1	1	Finance_and_Economics/international_tr.queries.test.jsonl	69692	d9faa787a5d6377994d154b151c5ea8928fa88ed5e0e16faf881c400f690f2cf
sharded	Finance_and_Economics/investment_portf.corpus.jsonl	158804627	481de15dc17f7ebf71d41223cf2baabe709dd1e2d242f53a9e51f057be8d3281	1	7	Finance_and_Economics/investment_portf.corpus.jsonl.part-00001	25164687	77dd564dc27f838878dd008b3ec54f809fafd9361a32e4254e5a2427f1cd816b
sharded	Finance_and_Economics/investment_portf.corpus.jsonl	158804627	481de15dc17f7ebf71d41223cf2baabe709dd1e2d242f53a9e51f057be8d3281	2	7	Finance_and_Economics/investment_portf.corpus.jsonl.part-00002	25165722	233de4260ed13ecc1d4e806424372d074414e3d04c61981f4dd0077d0fb78b0a
sharded	Finance_and_Economics/investment_portf.corpus.jsonl	158804627	481de15dc17f7ebf71d41223cf2baabe709dd1e2d242f53a9e51f057be8d3281	3	7	Finance_and_Economics/investment_portf.corpus.jsonl.part-00003	25165057	5ae98e0dc0328c02f7e0dc3e5b5df41bd9ce2f52aa79d1bbc8b0cd070709259f
sharded	Finance_and_Economics/investment_portf.corpus.jsonl	158804627	481de15dc17f7ebf71d41223cf2baabe709dd1e2d242f53a9e51f057be8d3281	4	7	Finance_and_Economics/investment_portf.corpus.jsonl.part-00004	25164491	54f5483218b42ab7939ede36c235ee265374fe40eef09e631d709e40242a8d8f
sharded	Finance_and_Economics/investment_portf.corpus.jsonl	158804627	481de15dc17f7ebf71d41223cf2baabe709dd1e2d242f53a9e51f057be8d3281	5	7	Finance_and_Economics/investment_portf.corpus.jsonl.part-00005	25165481	cfe68a8abc47499a1a3dc53c35879ebd0fd705eeba663a9fc31153d5c06cd742
sharded	Finance_and_Economics/investment_portf.corpus.jsonl	158804627	481de15dc17f7ebf71d41223cf2baabe709dd1e2d242f53a9e51f057be8d3281	6	7	Finance_and_Economics/investment_portf.corpus.jsonl.part-00006	25165815	653ff600fb1695dcaac33b535e6c8a887fb8925fe508de1160d7dd5665074832
sharded	Finance_and_Economics/investment_portf.corpus.jsonl	158804627	481de15dc17f7ebf71d41223cf2baabe709dd1e2d242f53a9e51f057be8d3281	7	7	Finance_and_Economics/investment_portf.corpus.jsonl.part-00007	7813374	260f20a6f604cb8c2b94ff6d6cb053c763022fd06dbab8401a815fb406829ed9
file	Finance_and_Economics/investment_portf.qrels.test.jsonl	144360	36a3fc1730530f2e67140e919ecbcaed59606b487f4cd554c7eaf8472a44a71a	1	1	Finance_and_Economics/investment_portf.qrels.test.jsonl	144360	36a3fc1730530f2e67140e919ecbcaed59606b487f4cd554c7eaf8472a44a71a
file	Finance_and_Economics/investment_portf.queries.test.jsonl	64290	d5f6b9c5191e6516ba68ae9d697d522def02b9f2ee87159e59d1709dbff644fa	1	1	Finance_and_Economics/investment_portf.queries.test.jsonl	64290	d5f6b9c5191e6516ba68ae9d697d522def02b9f2ee87159e59d1709dbff644fa
sharded	Finance_and_Economics/personal_finance.corpus.jsonl	107330407	4adf0a823eaf4f41ac6f699a975a96a08a529242cf92f6bb152b26b881807b61	1	5	Finance_and_Economics/personal_finance.corpus.jsonl.part-00001	25165167	6f05ba3e7c98185ed1b8f7514da873d1cfd6128d72a8434f28d6d649aa5e5fb4
sharded	Finance_and_Economics/personal_finance.corpus.jsonl	107330407	4adf0a823eaf4f41ac6f699a975a96a08a529242cf92f6bb152b26b881807b61	2	5	Finance_and_Economics/personal_finance.corpus.jsonl.part-00002	25165762	1f8d73fb4b3b1282468edd36dadb3bccc4d7e1f6ff38671450f519c4c15f6667
sharded	Finance_and_Economics/personal_finance.corpus.jsonl	107330407	4adf0a823eaf4f41ac6f699a975a96a08a529242cf92f6bb152b26b881807b61	3	5	Finance_and_Economics/personal_finance.corpus.jsonl.part-00003	25165392	c3436db7a06794fcf9e23677699bae84a4df791d6463f933efb4ebb15daddfa7
sharded	Finance_and_Economics/personal_finance.corpus.jsonl	107330407	4adf0a823eaf4f41ac6f699a975a96a08a529242cf92f6bb152b26b881807b61	4	5	Finance_and_Economics/personal_finance.corpus.jsonl.part-00004	25165798	78e96d72134a5e624eefa1fd91c13b914491695f4db7d4ce47d9b44f2ffaefed
sharded	Finance_and_Economics/personal_finance.corpus.jsonl	107330407	4adf0a823eaf4f41ac6f699a975a96a08a529242cf92f6bb152b26b881807b61	5	5	Finance_and_Economics/personal_finance.corpus.jsonl.part-00005	6668288	01f8ad26dbe7c09a3ee150eb9980b60c864aa18168d0155d9663d3fdc4c75a0c
file	Finance_and_Economics/personal_finance.qrels.test.jsonl	186838	4253d28c9835eb72573c40132a79934fb1242c449823e5700cbf284e73b8c21b	1	1	Finance_and_Economics/personal_finance.qrels.test.jsonl	186838	4253d28c9835eb72573c40132a79934fb1242c449823e5700cbf284e73b8c21b
file	Finance_and_Economics/personal_finance.queries.test.jsonl	71266	4e7dada1a22cbbd834b72b843ef434ba28ea1951a660b22ed14ed64f81b8b796	1	1	Finance_and_Economics/personal_finance.queries.test.jsonl	71266	4e7dada1a22cbbd834b72b843ef434ba28ea1951a660b22ed14ed64f81b8b796
sharded	Finance_and_Economics/stock_market_dat.corpus.jsonl	71649058	0f2d05fa4aaff9b558fe72bc968b9434ec65a1df26a284141ad0b59ed7f32518	1	3	Finance_and_Economics/stock_market_dat.corpus.jsonl.part-00001	25165737	9a6b8053fe6cae9e8990b82b3dcef0239458bb3eeb06bf2d8ca8edd6c079c648
sharded	Finance_and_Economics/stock_market_dat.corpus.jsonl	71649058	0f2d05fa4aaff9b558fe72bc968b9434ec65a1df26a284141ad0b59ed7f32518	2	3	Finance_and_Economics/stock_market_dat.corpus.jsonl.part-00002	25165636	0d14b220f24ec4fce037218d7575ff24f99e43936d741491642378a582cb7654
sharded	Finance_and_Economics/stock_market_dat.corpus.jsonl	71649058	0f2d05fa4aaff9b558fe72bc968b9434ec65a1df26a284141ad0b59ed7f32518	3	3	Finance_and_Economics/stock_market_dat.corpus.jsonl.part-00003	21317685	0e20f04261c556af01cd198e9ac6c211c245ba6e3dac7cc011234bc63a385660
file	Finance_and_Economics/stock_market_dat.qrels.test.jsonl	98656	08d0b76305bb6bf8a3a8b57a0788505c79433770f3197ebad6e60b3607fb1bdc	1	1	Finance_and_Economics/stock_market_dat.qrels.test.jsonl	98656	08d0b76305bb6bf8a3a8b57a0788505c79433770f3197ebad6e60b3607fb1bdc
file	Finance_and_Economics/stock_market_dat.queries.test.jsonl	68864	b1b354503401f4d0bcdabcc92904c09c383cd72e9fa9211e2ea0febac33fdf01	1	1	Finance_and_Economics/stock_market_dat.queries.test.jsonl	68864	b1b354503401f4d0bcdabcc92904c09c383cd72e9fa9211e2ea0febac33fdf01
file	README.md	71026	fd9bca55bffef663270ac3bfda3dc023e90051f1a447d6e4cf2884557b30cbc4	1	1	README.md	71026	fd9bca55bffef663270ac3bfda3dc023e90051f1a447d6e4cf2884557b30cbc4
sharded	human_resources/employee_benefit.corpus.jsonl	62793275	b175c621b1745f72936447d98206342d5aef6c0b27066835fb3a12ec027fd34a	1	3	human_resources/employee_benefit.corpus.jsonl.part-00001	25165481	81a1c7910884536b1aaedf9cbab80a310ec93bfacd0aaa73df69e043836125b1
sharded	human_resources/employee_benefit.corpus.jsonl	62793275	b175c621b1745f72936447d98206342d5aef6c0b27066835fb3a12ec027fd34a	2	3	human_resources/employee_benefit.corpus.jsonl.part-00002	25165446	35f26f37fac23d01aebbe7619da083329cd8edcb82b4de162b99164d4016be61
sharded	human_resources/employee_benefit.corpus.jsonl	62793275	b175c621b1745f72936447d98206342d5aef6c0b27066835fb3a12ec027fd34a	3	3	human_resources/employee_benefit.corpus.jsonl.part-00003	12462348	56385229d513d0f7de77cc610d90b450d30ea6d4f38d592f48e6ee7def67c487
file	human_resources/employee_benefit.qrels.test.jsonl	97606	093ef0d44be69c6d205a1cebcf6d9688a58a23909c905c48651f40fe93bcfc1d	1	1	human_resources/employee_benefit.qrels.test.jsonl	97606	093ef0d44be69c6d205a1cebcf6d9688a58a23909c905c48651f40fe93bcfc1d
file	human_resources/employee_benefit.queries.test.jsonl	55713	64f1bbfcd1266bb3252f2dfaa4232ee3a765646ba0229feaabc5e293af964a5e	1	1	human_resources/employee_benefit.queries.test.jsonl	55713	64f1bbfcd1266bb3252f2dfaa4232ee3a765646ba0229feaabc5e293af964a5e
sharded	human_resources/employee_feedbac.corpus.jsonl	65627389	9b0dbb95d4a349ffcbd12964ce43834879ee545545b0dda17122c0ed6130b854	1	3	human_resources/employee_feedbac.corpus.jsonl.part-00001	25165332	def96ff7dc392308742dd3cff66966f2faf93b78b4cd7839a9b442313ae8b907
sharded	human_resources/employee_feedbac.corpus.jsonl	65627389	9b0dbb95d4a349ffcbd12964ce43834879ee545545b0dda17122c0ed6130b854	2	3	human_resources/employee_feedbac.corpus.jsonl.part-00002	25165558	02fb4b5ba3ea699ce14e6762995ed6ce840bf8166a37eff6293e8c27c80a9f5a
sharded	human_resources/employee_feedbac.corpus.jsonl	65627389	9b0dbb95d4a349ffcbd12964ce43834879ee545545b0dda17122c0ed6130b854	3	3	human_resources/employee_feedbac.corpus.jsonl.part-00003	15296499	82816b4cf80a4229d89db297451f208b1f087c485a51cecb72ca62feeeede6af
file	human_resources/employee_feedbac.qrels.test.jsonl	122195	033f24ca4459d41a4ceff46b88a9ee2f6c15d2916af77ce7d59146ed231b6547	1	1	human_resources/employee_feedbac.qrels.test.jsonl	122195	033f24ca4459d41a4ceff46b88a9ee2f6c15d2916af77ce7d59146ed231b6547
file	human_resources/employee_feedbac.queries.test.jsonl	52101	5df8e4bcfb9497d345116be579da86e8cb9afafeda826c5452cb2689135740cc	1	1	human_resources/employee_feedbac.queries.test.jsonl	52101	5df8e4bcfb9497d345116be579da86e8cb9afafeda826c5452cb2689135740cc
sharded	human_resources/employee_informa.corpus.jsonl	66146748	736a4a0f511a4b579e8612a1667e2272a3cb5e75b0b0fc42b5bd6c8142e275aa	1	3	human_resources/employee_informa.corpus.jsonl.part-00001	25165577	885ba060c6b0741e5613560d339a40e154b191e298fea87af5a41b4ab4ee6ce0
sharded	human_resources/employee_informa.corpus.jsonl	66146748	736a4a0f511a4b579e8612a1667e2272a3cb5e75b0b0fc42b5bd6c8142e275aa	2	3	human_resources/employee_informa.corpus.jsonl.part-00002	25165371	3b6541a061433d67f1525ab9acabc790596225f01ef7bd3e1d460a4d06ddfc75
sharded	human_resources/employee_informa.corpus.jsonl	66146748	736a4a0f511a4b579e8612a1667e2272a3cb5e75b0b0fc42b5bd6c8142e275aa	3	3	human_resources/employee_informa.corpus.jsonl.part-00003	15815800	b658b64360d0e4aa490afc3b72b48cdc2b9e45b4337209af38583e297810a52c
file	human_resources/employee_informa.qrels.test.jsonl	142903	4c98f3cb87dadde130f1bcaafff14922e63d0e899abeca6d280c4a966f8e8bf4	1	1	human_resources/employee_informa.qrels.test.jsonl	142903	4c98f3cb87dadde130f1bcaafff14922e63d0e899abeca6d280c4a966f8e8bf4
file	human_resources/employee_informa.queries.test.jsonl	50586	22664a43fde54361e08689d9c437d5ed72b4c2e71180e4c6fc7b5a8c29ac7686	1	1	human_resources/employee_informa.queries.test.jsonl	50586	22664a43fde54361e08689d9c437d5ed72b4c2e71180e4c6fc7b5a8c29ac7686
sharded	human_resources/hr_policies:_doc.corpus.jsonl	88416273	ee8e59a65ca4c5a0952b81341c4f01f18397182122a83015dcf6214d9f30f5b8	1	4	human_resources/hr_policies:_doc.corpus.jsonl.part-00001	25165642	e6cda8535f4343b9236df2e636f08be9597ddd3438ce7f138fd3fd27371a828d
sharded	human_resources/hr_policies:_doc.corpus.jsonl	88416273	ee8e59a65ca4c5a0952b81341c4f01f18397182122a83015dcf6214d9f30f5b8	2	4	human_resources/hr_policies:_doc.corpus.jsonl.part-00002	25165206	618904a56f03e0b7e25a2b9edd81c9692327fc8957db50c4fa65618d977360b1
sharded	human_resources/hr_policies:_doc.corpus.jsonl	88416273	ee8e59a65ca4c5a0952b81341c4f01f18397182122a83015dcf6214d9f30f5b8	3	4	human_resources/hr_policies:_doc.corpus.jsonl.part-00003	25165590	a803ac8f7dd726ada025fdd82704d150f1f4e099f1e71ac7811db1ed003502c0
sharded	human_resources/hr_policies:_doc.corpus.jsonl	88416273	ee8e59a65ca4c5a0952b81341c4f01f18397182122a83015dcf6214d9f30f5b8	4	4	human_resources/hr_policies:_doc.corpus.jsonl.part-00004	12919835	c7f7ca44f9f1ba04113ace4d169f3d5abc5713e9f6bb04bd44791611219d1a8d
file	human_resources/hr_policies:_doc.qrels.test.jsonl	366922	04e3c732a9cd1926a5ec3c0b7846ef19fecfdd2177002248a8a55ff882f63caa	1	1	human_resources/hr_policies:_doc.qrels.test.jsonl	366922	04e3c732a9cd1926a5ec3c0b7846ef19fecfdd2177002248a8a55ff882f63caa
file	human_resources/hr_policies:_doc.queries.test.jsonl	51774	7b28538cd22075e40ec07b10e6ac58e30b7667178dd753080a247d81c783e0a3	1	1	human_resources/hr_policies:_doc.queries.test.jsonl	51774	7b28538cd22075e40ec07b10e6ac58e30b7667178dd753080a247d81c783e0a3
sharded	human_resources/leave_management.corpus.jsonl	50539436	dbad084e6284e3bceacd7b0c77f33edabdcb03790987bbff3bc4cd5b73ca7f09	1	3	human_resources/leave_management.corpus.jsonl.part-00001	25165600	e6b854b9e5595f170c0764c97a02502d5846953ae77fb73bc3bcd5d280c1b208
sharded	human_resources/leave_management.corpus.jsonl	50539436	dbad084e6284e3bceacd7b0c77f33edabdcb03790987bbff3bc4cd5b73ca7f09	2	3	human_resources/leave_management.corpus.jsonl.part-00002	25165683	0df7bbb92dab57ccee3979ffc086dd6e6e7bfb43073be9e5c3f1b5dcfeee2129
sharded	human_resources/leave_management.corpus.jsonl	50539436	dbad084e6284e3bceacd7b0c77f33edabdcb03790987bbff3bc4cd5b73ca7f09	3	3	human_resources/leave_management.corpus.jsonl.part-00003	208153	9398a2d5c4c114fe0c728987a0880a90517d30349b3ed1f424316166c4092e6e
file	human_resources/leave_management.qrels.test.jsonl	144310	c5acd09e52effb0814103972ec9a99c76d64299a7962847456ad187773a12203	1	1	human_resources/leave_management.qrels.test.jsonl	144310	c5acd09e52effb0814103972ec9a99c76d64299a7962847456ad187773a12203
file	human_resources/leave_management.queries.test.jsonl	53909	bbdf27f93713ebb90caba0c633bfa5a5a05d54db5337260a8474cb9ebd74fd56	1	1	human_resources/leave_management.queries.test.jsonl	53909	bbdf27f93713ebb90caba0c633bfa5a5a05d54db5337260a8474cb9ebd74fd56
sharded	human_resources/payroll:_financi.corpus.jsonl	61689124	847b11a512fbb3490340f6e4ff3a229bec63c6104290ff96a60da206b1e7c317	1	3	human_resources/payroll:_financi.corpus.jsonl.part-00001	25165662	4eeb3bb1cddf319eededff4be2a4848e96530d4742a4bf40146629d677f6f09e
sharded	human_resources/payroll:_financi.corpus.jsonl	61689124	847b11a512fbb3490340f6e4ff3a229bec63c6104290ff96a60da206b1e7c317	2	3	human_resources/payroll:_financi.corpus.jsonl.part-00002	25165631	24755561ec7de528fbb64916bcbbc052c92214bada0d0306b985a4de43f81347
sharded	human_resources/payroll:_financi.corpus.jsonl	61689124	847b11a512fbb3490340f6e4ff3a229bec63c6104290ff96a60da206b1e7c317	3	3	human_resources/payroll:_financi.corpus.jsonl.part-00003	11357831	f7de9ac18e9abde2bcab2ba2a63d9fbdd8c2102ff631c6ccc2c207980dc3e073
file	human_resources/payroll:_financi.qrels.test.jsonl	80961	48eaedf784414e58060f96ea042cd19b533092d2a11701711b74c35ce1497261	1	1	human_resources/payroll:_financi.qrels.test.jsonl	80961	48eaedf784414e58060f96ea042cd19b533092d2a11701711b74c35ce1497261
file	human_resources/payroll:_financi.queries.test.jsonl	55571	74b3d5cf5d3739becf46df856e0d3c5d5c930f6e8328476d9efa8649682db0e2	1	1	human_resources/payroll:_financi.queries.test.jsonl	55571	74b3d5cf5d3739becf46df856e0d3c5d5c930f6e8328476d9efa8649682db0e2
sharded	human_resources/performance_revi.corpus.jsonl	99794648	1e0037b871c83b7a7fc130851cd06247524561b97f5a309cfcb250c35e738b44	1	4	human_resources/performance_revi.corpus.jsonl.part-00001	25165308	a6f8a9c79ac2c1cde8187db8aad3327d9a15dbf46dbffb6e612326e477ac2342
sharded	human_resources/performance_revi.corpus.jsonl	99794648	1e0037b871c83b7a7fc130851cd06247524561b97f5a309cfcb250c35e738b44	2	4	human_resources/performance_revi.corpus.jsonl.part-00002	25164933	3fef616e7adde82ce037c623d91d949faec21f734e0eeed64c59af7209c50ae4
sharded	human_resources/performance_revi.corpus.jsonl	99794648	1e0037b871c83b7a7fc130851cd06247524561b97f5a309cfcb250c35e738b44	3	4	human_resources/performance_revi.corpus.jsonl.part-00003	25165619	552e0a4278d7ffaf24329d94d8c0da24066287e435ab14cb79a8b6714efed85d
sharded	human_resources/performance_revi.corpus.jsonl	99794648	1e0037b871c83b7a7fc130851cd06247524561b97f5a309cfcb250c35e738b44	4	4	human_resources/performance_revi.corpus.jsonl.part-00004	24298788	9be0f9532b271c2e227516423b03ed2c1c9304b708367213f70298202afd5423
file	human_resources/performance_revi.qrels.test.jsonl	108821	8fbf1bf675b15236bf73c0ce1e657b86cc16707e98bc05f1dac594244e617a9d	1	1	human_resources/performance_revi.qrels.test.jsonl	108821	8fbf1bf675b15236bf73c0ce1e657b86cc16707e98bc05f1dac594244e617a9d
file	human_resources/performance_revi.queries.test.jsonl	53139	ad996b880eb10f5ef603cdbedc8f3409a877e06e5599fd92646e3348a6b699e7	1	1	human_resources/performance_revi.queries.test.jsonl	53139	ad996b880eb10f5ef603cdbedc8f3409a877e06e5599fd92646e3348a6b699e7
sharded	human_resources/recruitment:_inf.corpus.jsonl	85950047	fc6e5b4a629d7e7dc6399eea965774a31f67e164a2534f39fe27b2e6920782c6	1	4	human_resources/recruitment:_inf.corpus.jsonl.part-00001	25165663	b295ea9974e1c991ade67943f453bc42fbc4e0cf69c0a578794a2ac48c43f679
sharded	human_resources/recruitment:_inf.corpus.jsonl	85950047	fc6e5b4a629d7e7dc6399eea965774a31f67e164a2534f39fe27b2e6920782c6	2	4	human_resources/recruitment:_inf.corpus.jsonl.part-00002	25165482	5ebdf6afd7c8b8f24770c9db7066fac3545efe8e2d9d4605f45215f00c08878c
sharded	human_resources/recruitment:_inf.corpus.jsonl	85950047	fc6e5b4a629d7e7dc6399eea965774a31f67e164a2534f39fe27b2e6920782c6	3	4	human_resources/recruitment:_inf.corpus.jsonl.part-00003	25165311	2a14f39c89befbbd6c3e0fa3856af5a91dc3731be9cc0c10c46472ec6638146a
sharded	human_resources/recruitment:_inf.corpus.jsonl	85950047	fc6e5b4a629d7e7dc6399eea965774a31f67e164a2534f39fe27b2e6920782c6	4	4	human_resources/recruitment:_inf.corpus.jsonl.part-00004	10453591	c52bf3d17a21523d22fac6775012b045158847e3d45a51bfb67a1868fbeca619
file	human_resources/recruitment:_inf.qrels.test.jsonl	276518	87c8557770a7e5f3266b4f1281fe55e3f252c5f446a829ec5c7c763d9f8abb91	1	1	human_resources/recruitment:_inf.qrels.test.jsonl	276518	87c8557770a7e5f3266b4f1281fe55e3f252c5f446a829ec5c7c763d9f8abb91
file	human_resources/recruitment:_inf.queries.test.jsonl	57011	057024adf3caa13ba99e92cc179b533a4754099935fc9b81b7a30e10fe0dfcea	1	1	human_resources/recruitment:_inf.queries.test.jsonl	57011	057024adf3caa13ba99e92cc179b533a4754099935fc9b81b7a30e10fe0dfcea
sharded	human_resources/time_tracking:_r.corpus.jsonl	48907469	c34788bb59990af94e41bc6375fedcf11298db6147a7ee3d379e506d7f306346	1	2	human_resources/time_tracking:_r.corpus.jsonl.part-00001	25165548	b0b04960b8dcb8818c570ccf1a5600887139d54f890156935b5521b244b93a46
sharded	human_resources/time_tracking:_r.corpus.jsonl	48907469	c34788bb59990af94e41bc6375fedcf11298db6147a7ee3d379e506d7f306346	2	2	human_resources/time_tracking:_r.corpus.jsonl.part-00002	23741921	dc74ba77d4884d41486e301d3428989032f021553ba3f7774e1f7e587aa49ef1
file	human_resources/time_tracking:_r.qrels.test.jsonl	112926	7a5c196c578f4e2e9e67a34576bd1d906bf92f00d12a07c521899fbedf22a8fe	1	1	human_resources/time_tracking:_r.qrels.test.jsonl	112926	7a5c196c578f4e2e9e67a34576bd1d906bf92f00d12a07c521899fbedf22a8fe
file	human_resources/time_tracking:_r.queries.test.jsonl	49254	2ac828bafabf0041df8e01a0be59920bff0983f8e14a7e84a5c4a929e0575fa1	1	1	human_resources/time_tracking:_r.queries.test.jsonl	49254	2ac828bafabf0041df8e01a0be59920bff0983f8e14a7e84a5c4a929e0575fa1
sharded	human_resources/training_and_dev.corpus.jsonl	71054263	326eef11a059c0ec7e91373033002b1fb5cbbb888bb4b61571792e6f08b18d43	1	3	human_resources/training_and_dev.corpus.jsonl.part-00001	25165614	c1abdbd078fe1049a8ad798ff8dcb6ece80270c219dbc98738acdbdfe6e120f0
sharded	human_resources/training_and_dev.corpus.jsonl	71054263	326eef11a059c0ec7e91373033002b1fb5cbbb888bb4b61571792e6f08b18d43	2	3	human_resources/training_and_dev.corpus.jsonl.part-00002	25165750	d05862a3528df3dd4190f2b7399b9b693c6a2fdc6b5010f17ab7be25c7cf2808
sharded	human_resources/training_and_dev.corpus.jsonl	71054263	326eef11a059c0ec7e91373033002b1fb5cbbb888bb4b61571792e6f08b18d43	3	3	human_resources/training_and_dev.corpus.jsonl.part-00003	20722899	a096f1e8659e9bd0236af8d225106c2ef318f440c52669be335a7bdc3c1d9919
file	human_resources/training_and_dev.qrels.test.jsonl	144938	259f5e033a6068c4fcebbb4b77a9878f780868ea19e4e5850338085695c751c3	1	1	human_resources/training_and_dev.qrels.test.jsonl	144938	259f5e033a6068c4fcebbb4b77a9878f780868ea19e4e5850338085695c751c3
file	human_resources/training_and_dev.queries.test.jsonl	56599	ea28def4c04e4c1408a24a607fbdacfcba28fe4381f667bc01b72fb215d02cd0	1	1	human_resources/training_and_dev.queries.test.jsonl	56599	ea28def4c04e4c1408a24a607fbdacfcba28fe4381f667bc01b72fb215d02cd0
sharded	llm_agent_and_tool/api_usage_analyt.corpus.jsonl	51403630	6d48215df20c5905a1180b02b8b57e2cbbab3beedf030ea1be81d5e6efe3a0f8	1	3	llm_agent_and_tool/api_usage_analyt.corpus.jsonl.part-00001	25165535	884f0f240fdebfa9e22d12ab720e4f1c7e564f5e404c06101abb80e31dc4e9d5
sharded	llm_agent_and_tool/api_usage_analyt.corpus.jsonl	51403630	6d48215df20c5905a1180b02b8b57e2cbbab3beedf030ea1be81d5e6efe3a0f8	2	3	llm_agent_and_tool/api_usage_analyt.corpus.jsonl.part-00002	25165483	6687259e7f94d0858ad16d65b26214e3aa30dc218412cd0f407f029792a4ed39
sharded	llm_agent_and_tool/api_usage_analyt.corpus.jsonl	51403630	6d48215df20c5905a1180b02b8b57e2cbbab3beedf030ea1be81d5e6efe3a0f8	3	3	llm_agent_and_tool/api_usage_analyt.corpus.jsonl.part-00003	1072612	e0021287fe027b5a6f589b6762fe51c3c4517466ed50d6160f81cd516106777a
file	llm_agent_and_tool/api_usage_analyt.qrels.test.jsonl	117058	5c2a9b5f1aa0dd0c9b2e6881d520de9bba6f82e56d556bea781dec312a616433	1	1	llm_agent_and_tool/api_usage_analyt.qrels.test.jsonl	117058	5c2a9b5f1aa0dd0c9b2e6881d520de9bba6f82e56d556bea781dec312a616433
file	llm_agent_and_tool/api_usage_analyt.queries.test.jsonl	55196	a3eac6bb2373f66b3d96eb0bda40fb903c2532fd14b1663fd808b0dc3787bb8c	1	1	llm_agent_and_tool/api_usage_analyt.queries.test.jsonl	55196	a3eac6bb2373f66b3d96eb0bda40fb903c2532fd14b1663fd808b0dc3787bb8c
sharded	llm_agent_and_tool/chat_history_ana.corpus.jsonl	64613892	155b85199633911862186e54a1adaad717f1f3ca86fa4b0e998d56343f29b0d1	1	3	llm_agent_and_tool/chat_history_ana.corpus.jsonl.part-00001	25165610	f626a0cf16a77da892f37676d1d1608de0a6ab767a6c43442ebb3397aeb28075
sharded	llm_agent_and_tool/chat_history_ana.corpus.jsonl	64613892	155b85199633911862186e54a1adaad717f1f3ca86fa4b0e998d56343f29b0d1	2	3	llm_agent_and_tool/chat_history_ana.corpus.jsonl.part-00002	25165469	f053840d5b429b6f46dc66f1bd5614c6d3b949a39365e78fca8432d976a29bf7
sharded	llm_agent_and_tool/chat_history_ana.corpus.jsonl	64613892	155b85199633911862186e54a1adaad717f1f3ca86fa4b0e998d56343f29b0d1	3	3	llm_agent_and_tool/chat_history_ana.corpus.jsonl.part-00003	14282813	22dcb9e4db81af7414b8bede126f3233642769efbb77d6710e1b16b3e7736773
file	llm_agent_and_tool/chat_history_ana.qrels.test.jsonl	218324	30f9f52e2c1b9944b4737484dfc246a0e7d6471df6b006da6a922291cf51c8dc	1	1	llm_agent_and_tool/chat_history_ana.qrels.test.jsonl	218324	30f9f52e2c1b9944b4737484dfc246a0e7d6471df6b006da6a922291cf51c8dc
file	llm_agent_and_tool/chat_history_ana.queries.test.jsonl	58094	1b5eca72e2ece47a91a5270b564873a5ce56b8bfb108db25aab33e125ae9b33f	1	1	llm_agent_and_tool/chat_history_ana.queries.test.jsonl	58094	1b5eca72e2ece47a91a5270b564873a5ce56b8bfb108db25aab33e125ae9b33f
sharded	llm_agent_and_tool/content_creation.corpus.jsonl	111222005	7e78442b6e048ecc2fb6b82fb50b4c0ddc72389eae0cb013a8f642932f85033f	1	5	llm_agent_and_tool/content_creation.corpus.jsonl.part-00001	25165392	3279a9b90a8b61f13eb01447fb5f3aace123b4498ddb46d818e4637207f02577
sharded	llm_agent_and_tool/content_creation.corpus.jsonl	111222005	7e78442b6e048ecc2fb6b82fb50b4c0ddc72389eae0cb013a8f642932f85033f	2	5	llm_agent_and_tool/content_creation.corpus.jsonl.part-00002	25165035	645ce6e033b6e96358fd7c80787b0d4e7f1aad128e84010d728bef042ec2c4f8
sharded	llm_agent_and_tool/content_creation.corpus.jsonl	111222005	7e78442b6e048ecc2fb6b82fb50b4c0ddc72389eae0cb013a8f642932f85033f	3	5	llm_agent_and_tool/content_creation.corpus.jsonl.part-00003	25165769	3142273f8fdfa394505df11fe4b691d82a8574fd7348fd9e4616d3e1fdba5d66
sharded	llm_agent_and_tool/content_creation.corpus.jsonl	111222005	7e78442b6e048ecc2fb6b82fb50b4c0ddc72389eae0cb013a8f642932f85033f	4	5	llm_agent_and_tool/content_creation.corpus.jsonl.part-00004	25165603	65f935c2de36eacfed0b5314fd6f4533b5f136f613c4ae6e7668cc869aba15ce
sharded	llm_agent_and_tool/content_creation.corpus.jsonl	111222005	7e78442b6e048ecc2fb6b82fb50b4c0ddc72389eae0cb013a8f642932f85033f	5	5	llm_agent_and_tool/content_creation.corpus.jsonl.part-00005	10560206	0389a6ee683786a8df124851b6a66fa4b800f8edb40608e034a94e71d522b379
file	llm_agent_and_tool/content_creation.qrels.test.jsonl	114668	7b69d944769a11676a78b2d5906a5d8693c93200cdcab94cf3749dedd9ea4990	1	1	llm_agent_and_tool/content_creation.qrels.test.jsonl	114668	7b69d944769a11676a78b2d5906a5d8693c93200cdcab94cf3749dedd9ea4990
file	llm_agent_and_tool/content_creation.queries.test.jsonl	61485	ff5ebdb4d576dab58b52318e5f5782386727b964d8d29aaf036bacc5cd7e4e20	1	1	llm_agent_and_tool/content_creation.queries.test.jsonl	61485	ff5ebdb4d576dab58b52318e5f5782386727b964d8d29aaf036bacc5cd7e4e20
sharded	llm_agent_and_tool/content_generati.corpus.jsonl	83453595	1945da995fad9f486de4e207a19b09a0602ca58e55c68e35167131812fcc9807	1	4	llm_agent_and_tool/content_generati.corpus.jsonl.part-00001	25165753	9257107f57ad6829b8f50fba722bc3d36f60ffadf24a9a9a42728dde55d3bf63
sharded	llm_agent_and_tool/content_generati.corpus.jsonl	83453595	1945da995fad9f486de4e207a19b09a0602ca58e55c68e35167131812fcc9807	2	4	llm_agent_and_tool/content_generati.corpus.jsonl.part-00002	25165234	417536331225ef37f0002b2cb690a0e747bb3d4ceb344a99af3f9b01d77a14b2
sharded	llm_agent_and_tool/content_generati.corpus.jsonl	83453595	1945da995fad9f486de4e207a19b09a0602ca58e55c68e35167131812fcc9807	3	4	llm_agent_and_tool/content_generati.corpus.jsonl.part-00003	25165450	2d07e07f0f83f256c4a6b66495ef26075f642a49e786ed9eb4966195aa542832
sharded	llm_agent_and_tool/content_generati.corpus.jsonl	83453595	1945da995fad9f486de4e207a19b09a0602ca58e55c68e35167131812fcc9807	4	4	llm_agent_and_tool/content_generati.corpus.jsonl.part-00004	7957158	db536a760b1497c5d2b727ed985fe757843a5c50073d7f2a2fbb6123d4198c98
file	llm_agent_and_tool/content_generati.qrels.test.jsonl	133934	37acfbc4bc12cfccd723e8169d530d13ffd065256194472fcf5509c1a24886b9	1	1	llm_agent_and_tool/content_generati.qrels.test.jsonl	133934	37acfbc4bc12cfccd723e8169d530d13ffd065256194472fcf5509c1a24886b9
file	llm_agent_and_tool/content_generati.queries.test.jsonl	58402	04eaecc2a085158c5464c10fdbb07f3ccf5caceb270bc40b9c104b78b0eecf75	1	1	llm_agent_and_tool/content_generati.queries.test.jsonl	58402	04eaecc2a085158c5464c10fdbb07f3ccf5caceb270bc40b9c104b78b0eecf75
sharded	llm_agent_and_tool/customer_support.corpus.jsonl	132956788	91a3af8fc48ddc15d36f2e1c2dde96a5b1c3b2bd9aac35372d6ba44e2e1ced0a	1	6	llm_agent_and_tool/customer_support.corpus.jsonl.part-00001	25165001	0c8de1ffac86f36c2a407811117d13482b1093d24bf1484783c474da7c7cd794
sharded	llm_agent_and_tool/customer_support.corpus.jsonl	132956788	91a3af8fc48ddc15d36f2e1c2dde96a5b1c3b2bd9aac35372d6ba44e2e1ced0a	2	6	llm_agent_and_tool/customer_support.corpus.jsonl.part-00002	25165543	110c1dc22d4a56574dcdab8814a4a884fb0323b7f37146347936d68533f91b46
sharded	llm_agent_and_tool/customer_support.corpus.jsonl	132956788	91a3af8fc48ddc15d36f2e1c2dde96a5b1c3b2bd9aac35372d6ba44e2e1ced0a	3	6	llm_agent_and_tool/customer_support.corpus.jsonl.part-00003	25165555	7f4d2b5e6f2d5187d6ce9970d7022c2bd519afe50ba3bfba6b2aab8040c136f8
sharded	llm_agent_and_tool/customer_support.corpus.jsonl	132956788	91a3af8fc48ddc15d36f2e1c2dde96a5b1c3b2bd9aac35372d6ba44e2e1ced0a	4	6	llm_agent_and_tool/customer_support.corpus.jsonl.part-00004	25165316	bb25d39fafd0da21ad0527afff4a1c4e5a530cc43e967a011a670b6141e0b626
sharded	llm_agent_and_tool/customer_support.corpus.jsonl	132956788	91a3af8fc48ddc15d36f2e1c2dde96a5b1c3b2bd9aac35372d6ba44e2e1ced0a	5	6	llm_agent_and_tool/customer_support.corpus.jsonl.part-00005	25165616	0b54e31623b540d5e78fafd9f13f7888c268c9ae43d3c64f05fbd64ec936f8b5
sharded	llm_agent_and_tool/customer_support.corpus.jsonl	132956788	91a3af8fc48ddc15d36f2e1c2dde96a5b1c3b2bd9aac35372d6ba44e2e1ced0a	6	6	llm_agent_and_tool/customer_support.corpus.jsonl.part-00006	7129757	41b8164d62d0436994ace7aea99dd0de9be69ce390e8e5c27107fcaeac36633a
file	llm_agent_and_tool/customer_support.qrels.test.jsonl	110166	5ab2a4bb35fdb29d6ac5ab03936d2617540e3481ad409641ba582bdf4103b9ec	1	1	llm_agent_and_tool/customer_support.qrels.test.jsonl	110166	5ab2a4bb35fdb29d6ac5ab03936d2617540e3481ad409641ba582bdf4103b9ec
file	llm_agent_and_tool/customer_support.queries.test.jsonl	62563	f342a03db3a5247ba64aaaae9df7216d1724ced7c379de5de6289d8b72f8f1b4	1	1	llm_agent_and_tool/customer_support.queries.test.jsonl	62563	f342a03db3a5247ba64aaaae9df7216d1724ced7c379de5de6289d8b72f8f1b4
sharded	llm_agent_and_tool/data_security_an.corpus.jsonl	50726110	3729db344c03e5eda459c3a8d9255a1c52b06d3d9890ad6a771c3733fad9be9e	1	3	llm_agent_and_tool/data_security_an.corpus.jsonl.part-00001	25165719	8fbc3376433a6e0c3029e507754d2bbf270b050e062bcface59d39a0ded04e77
sharded	llm_agent_and_tool/data_security_an.corpus.jsonl	50726110	3729db344c03e5eda459c3a8d9255a1c52b06d3d9890ad6a771c3733fad9be9e	2	3	llm_agent_and_tool/data_security_an.corpus.jsonl.part-00002	25165799	471d89c254cee57dda4e3b28b644377d61e7390a6bbe14ce6b5a0efdcc21cfa5
sharded	llm_agent_and_tool/data_security_an.corpus.jsonl	50726110	3729db344c03e5eda459c3a8d9255a1c52b06d3d9890ad6a771c3733fad9be9e	3	3	llm_agent_and_tool/data_security_an.corpus.jsonl.part-00003	394592	1e8c32f64f0ffef18576767f5d39ee51ab2d28c06714f5108d495acef904d6d2
file	llm_agent_and_tool/data_security_an.qrels.test.jsonl	75468	89287c946ba1c07390673297cdb4f149258f441339753f4ee970d05260effc84	1	1	llm_agent_and_tool/data_security_an.qrels.test.jsonl	75468	89287c946ba1c07390673297cdb4f149258f441339753f4ee970d05260effc84
file	llm_agent_and_tool/data_security_an.queries.test.jsonl	58639	eb90ce1d4af2b8af25a0d981510686b863cec05195c2d0337ed2f14ed34cecbf	1	1	llm_agent_and_tool/data_security_an.queries.test.jsonl	58639	eb90ce1d4af2b8af25a0d981510686b863cec05195c2d0337ed2f14ed34cecbf
sharded	llm_agent_and_tool/e-commerce_recom.corpus.jsonl	138916987	bd8bc2d618a9676e4d36032aa7bfc7ce848c1a5b034f7aedf73be3d5c09cc9fb	1	6	llm_agent_and_tool/e-commerce_recom.corpus.jsonl.part-00001	25164826	ab7b48fda9dd5c35252186fca1eaa9026c44be321547840372fd6e948aae8852
sharded	llm_agent_and_tool/e-commerce_recom.corpus.jsonl	138916987	bd8bc2d618a9676e4d36032aa7bfc7ce848c1a5b034f7aedf73be3d5c09cc9fb	2	6	llm_agent_and_tool/e-commerce_recom.corpus.jsonl.part-00002	25165292	28dcf6cedbe462ad02be1303b6675193c9fffb3382ac1e2ea3e3768afb3236d9
sharded	llm_agent_and_tool/e-commerce_recom.corpus.jsonl	138916987	bd8bc2d618a9676e4d36032aa7bfc7ce848c1a5b034f7aedf73be3d5c09cc9fb	3	6	llm_agent_and_tool/e-commerce_recom.corpus.jsonl.part-00003	25162426	437dab206d7f0831d583000bbfc07f8a8471ccf2e06ebe0f8044c47fb7da3c99
sharded	llm_agent_and_tool/e-commerce_recom.corpus.jsonl	138916987	bd8bc2d618a9676e4d36032aa7bfc7ce848c1a5b034f7aedf73be3d5c09cc9fb	4	6	llm_agent_and_tool/e-commerce_recom.corpus.jsonl.part-00004	25162923	a791631fbc5a04936792ad1daea5f19f035baf5bdbb3a52e341e28ed89fad9ed
sharded	llm_agent_and_tool/e-commerce_recom.corpus.jsonl	138916987	bd8bc2d618a9676e4d36032aa7bfc7ce848c1a5b034f7aedf73be3d5c09cc9fb	5	6	llm_agent_and_tool/e-commerce_recom.corpus.jsonl.part-00005	25165342	d14f73885e801a308809dcff85cc92a5f65e3efc3c9efe91402a15a89b420c91
sharded	llm_agent_and_tool/e-commerce_recom.corpus.jsonl	138916987	bd8bc2d618a9676e4d36032aa7bfc7ce848c1a5b034f7aedf73be3d5c09cc9fb	6	6	llm_agent_and_tool/e-commerce_recom.corpus.jsonl.part-00006	13096178	fc91082b97b66d91012f0d6594963f2a7a96462a9bd61a6dab0de824b6c8f30d
file	llm_agent_and_tool/e-commerce_recom.qrels.test.jsonl	72318	87f26b9fb49e21e95dfb04239b6a668be5abe618b02dfecf50157513aab4b2f6	1	1	llm_agent_and_tool/e-commerce_recom.qrels.test.jsonl	72318	87f26b9fb49e21e95dfb04239b6a668be5abe618b02dfecf50157513aab4b2f6
file	llm_agent_and_tool/e-commerce_recom.queries.test.jsonl	59630	023bcf95063d85424a1ac7c02879738b3ef1a6964ba5159d9cfaf77493e9f1a8	1	1	llm_agent_and_tool/e-commerce_recom.queries.test.jsonl	59630	023bcf95063d85424a1ac7c02879738b3ef1a6964ba5159d9cfaf77493e9f1a8
sharded	llm_agent_and_tool/education_tutori.corpus.jsonl	183082393	f8f0452bdaf41f754233e056cd86154d13274d593867c656b3189e49c2f5117c	1	8	llm_agent_and_tool/education_tutori.corpus.jsonl.part-00001	25164335	69f2d8255a503e67ced06d715743553a3d94de3beedc41f4de97346d2d24abf9
sharded	llm_agent_and_tool/education_tutori.corpus.jsonl	183082393	f8f0452bdaf41f754233e056cd86154d13274d593867c656b3189e49c2f5117c	2	8	llm_agent_and_tool/education_tutori.corpus.jsonl.part-00002	25164986	c927dbb85c485375b16b1e2bd45b12513cab47f28d5f5998d7aab569cc87f7e5
sharded	llm_agent_and_tool/education_tutori.corpus.jsonl	183082393	f8f0452bdaf41f754233e056cd86154d13274d593867c656b3189e49c2f5117c	3	8	llm_agent_and_tool/education_tutori.corpus.jsonl.part-00003	25165573	4222ff1e9a0208f1f25cb6ec1f673fef1151cf8179289f22c1994ffa5c101e29
sharded	llm_agent_and_tool/education_tutori.corpus.jsonl	183082393	f8f0452bdaf41f754233e056cd86154d13274d593867c656b3189e49c2f5117c	4	8	llm_agent_and_tool/education_tutori.corpus.jsonl.part-00004	25165761	d92356267756620106657dd16e2263688edc0f46be256e9cabaa7485af2aad9d
sharded	llm_agent_and_tool/education_tutori.corpus.jsonl	183082393	f8f0452bdaf41f754233e056cd86154d13274d593867c656b3189e49c2f5117c	5	8	llm_agent_and_tool/education_tutori.corpus.jsonl.part-00005	25165033	1fa3f4c32cd71985514c8052f8b461feb5682bf27dbab2b509c10d1aed65ac6a
sharded	llm_agent_and_tool/education_tutori.corpus.jsonl	183082393	f8f0452bdaf41f754233e056cd86154d13274d593867c656b3189e49c2f5117c	6	8	llm_agent_and_tool/education_tutori.corpus.jsonl.part-00006	25165691	e4205948b415131aa72b218352b1cdc8120da95f1b49f44b4454db598b8d14c2
sharded	llm_agent_and_tool/education_tutori.corpus.jsonl	183082393	f8f0452bdaf41f754233e056cd86154d13274d593867c656b3189e49c2f5117c	7	8	llm_agent_and_tool/education_tutori.corpus.jsonl.part-00007	25165164	febb880f12915f6900156e3122d6486e767bf535a6fcb8be076f9c6ac2cbb0e3
sharded	llm_agent_and_tool/education_tutori.corpus.jsonl	183082393	f8f0452bdaf41f754233e056cd86154d13274d593867c656b3189e49c2f5117c	8	8	llm_agent_and_tool/education_tutori.corpus.jsonl.part-00008	6925850	d8e357f67b926c5e430a8dfdc2dfc29316783f4391991ecb5c1357dcfdac4595
file	llm_agent_and_tool/education_tutori.qrels.test.jsonl	96219	dbc62a99cc62ab2637c1a7f7304f2cf8f90616c56f19b56c9c5145a9ffd254e1	1	1	llm_agent_and_tool/education_tutori.qrels.test.jsonl	96219	dbc62a99cc62ab2637c1a7f7304f2cf8f90616c56f19b56c9c5145a9ffd254e1
file	llm_agent_and_tool/education_tutori.queries.test.jsonl	61717	58f927602f8caecfe990add6a839fe473711404cb088fcc1c5195dbc7e326fab	1	1	llm_agent_and_tool/education_tutori.queries.test.jsonl	61717	58f927602f8caecfe990add6a839fe473711404cb088fcc1c5195dbc7e326fab
sharded	llm_agent_and_tool/energy_managemen.corpus.jsonl	157231118	3cb1eedddb207c5563b4277a06900f866f1b1ab1c71d9cf5fc711d5d0234e7d1	1	7	llm_agent_and_tool/energy_managemen.corpus.jsonl.part-00001	25165432	98aa7fa1619e9b27483a20200cc36fa8f03ed8023560054013b761f6f7625935
sharded	llm_agent_and_tool/energy_managemen.corpus.jsonl	157231118	3cb1eedddb207c5563b4277a06900f866f1b1ab1c71d9cf5fc711d5d0234e7d1	2	7	llm_agent_and_tool/energy_managemen.corpus.jsonl.part-00002	25165472	1f86c372277db286fa54f9798fe39dc98de4a4f12e0265844e790b6d1a549bd0
sharded	llm_agent_and_tool/energy_managemen.corpus.jsonl	157231118	3cb1eedddb207c5563b4277a06900f866f1b1ab1c71d9cf5fc711d5d0234e7d1	3	7	llm_agent_and_tool/energy_managemen.corpus.jsonl.part-00003	25165154	13159ed71480cea6d01dc1d95e6880cea5d7479b07e045ad46b10719fa2aae85
sharded	llm_agent_and_tool/energy_managemen.corpus.jsonl	157231118	3cb1eedddb207c5563b4277a06900f866f1b1ab1c71d9cf5fc711d5d0234e7d1	4	7	llm_agent_and_tool/energy_managemen.corpus.jsonl.part-00004	25165429	d3cefd25c1948fd1aced735e398ee468452b056d8d6107dab20884e90193ce30
sharded	llm_agent_and_tool/energy_managemen.corpus.jsonl	157231118	3cb1eedddb207c5563b4277a06900f866f1b1ab1c71d9cf5fc711d5d0234e7d1	5	7	llm_agent_and_tool/energy_managemen.corpus.jsonl.part-00005	25165186	2268e3818b33de523728ae9da06ec9b8c46ee104cbffa25d539723dce7e7c95b
sharded	llm_agent_and_tool/energy_managemen.corpus.jsonl	157231118	3cb1eedddb207c5563b4277a06900f866f1b1ab1c71d9cf5fc711d5d0234e7d1	6	7	llm_agent_and_tool/energy_managemen.corpus.jsonl.part-00006	25165157	223c9dc0d5a49a1858e21bc36f9be47ad6713451fd4a7e5cac370a0383e54a01
sharded	llm_agent_and_tool/energy_managemen.corpus.jsonl	157231118	3cb1eedddb207c5563b4277a06900f866f1b1ab1c71d9cf5fc711d5d0234e7d1	7	7	llm_agent_and_tool/energy_managemen.corpus.jsonl.part-00007	6239288	4921b0bac3092a637a81e78b504d9fc3614c67a88f861a0e81f40ad612ee9ff4
file	llm_agent_and_tool/energy_managemen.qrels.test.jsonl	110440	c4ec5ed62b55a09322c13140e5aac7891d6031779138ef0333f4f3a11f005a67	1	1	llm_agent_and_tool/energy_managemen.qrels.test.jsonl	110440	c4ec5ed62b55a09322c13140e5aac7891d6031779138ef0333f4f3a11f005a67
file	llm_agent_and_tool/energy_managemen.queries.test.jsonl	61144	958ac385a4e38def96a388146782ceb12deeb3ca3d246a58623da89b850f055f	1	1	llm_agent_and_tool/energy_managemen.queries.test.jsonl	61144	958ac385a4e38def96a388146782ceb12deeb3ca3d246a58623da89b850f055f
sharded	llm_agent_and_tool/error_and_feedba.corpus.jsonl	60161021	3da62389f5390d1b7eea734f9396c2289f8b21235eec35c196064fe80fcb6d0c	1	3	llm_agent_and_tool/error_and_feedba.corpus.jsonl.part-00001	25165416	2f299cb29ae38b1f0622c54b7d0ccd6056ab41e38f9525b518d405fcf52f736a
sharded	llm_agent_and_tool/error_and_feedba.corpus.jsonl	60161021	3da62389f5390d1b7eea734f9396c2289f8b21235eec35c196064fe80fcb6d0c	2	3	llm_agent_and_tool/error_and_feedba.corpus.jsonl.part-00002	25165817	6a701c5bc8239e82c5cbff8425e3097c840375739f045e52488768e9686821aa
sharded	llm_agent_and_tool/error_and_feedba.corpus.jsonl	60161021	3da62389f5390d1b7eea734f9396c2289f8b21235eec35c196064fe80fcb6d0c	3	3	llm_agent_and_tool/error_and_feedba.corpus.jsonl.part-00003	9829788	650d52f4b5d7cb8c5f8d69f34365fc2feb09512f0f5f51dc55d3e8d6a98641de
file	llm_agent_and_tool/error_and_feedba.qrels.test.jsonl	150738	37a2f378580e7f4b2f4e402f42723c1d2755af1f8c60c4124e34638745419e8e	1	1	llm_agent_and_tool/error_and_feedba.qrels.test.jsonl	150738	37a2f378580e7f4b2f4e402f42723c1d2755af1f8c60c4124e34638745419e8e
file	llm_agent_and_tool/error_and_feedba.queries.test.jsonl	53457	26b7fc8ce2cbea1ec156039817ffc65ce5ddf2b406a111d542b2fb66f9ad5c6e	1	1	llm_agent_and_tool/error_and_feedba.queries.test.jsonl	53457	26b7fc8ce2cbea1ec156039817ffc65ce5ddf2b406a111d542b2fb66f9ad5c6e
sharded	llm_agent_and_tool/financial_adviso.corpus.jsonl	130843238	c3b03f06e9cee1b735a429264390f306bf5b2e598a60cfa54d06aa52daaef4d6	1	6	llm_agent_and_tool/financial_adviso.corpus.jsonl.part-00001	25164921	282cf39435f4afec1b37f6190ac5aea6154989979192fb6a5a6fc2d7d2651811
sharded	llm_agent_and_tool/financial_adviso.corpus.jsonl	130843238	c3b03f06e9cee1b735a429264390f306bf5b2e598a60cfa54d06aa52daaef4d6	2	6	llm_agent_and_tool/financial_adviso.corpus.jsonl.part-00002	25164989	f6e65b4b2688f6963344bdf58a637f914d9d55a9d35830d7364faa9152a11104
sharded	llm_agent_and_tool/financial_adviso.corpus.jsonl	130843238	c3b03f06e9cee1b735a429264390f306bf5b2e598a60cfa54d06aa52daaef4d6	3	6	llm_agent_and_tool/financial_adviso.corpus.jsonl.part-00003	25165726	fd505dabc3d4cd318a88ab777db2ae0cf595bcc4008580ae14c63d84d4ebbe95
sharded	llm_agent_and_tool/financial_adviso.corpus.jsonl	130843238	c3b03f06e9cee1b735a429264390f306bf5b2e598a60cfa54d06aa52daaef4d6	4	6	llm_agent_and_tool/financial_adviso.corpus.jsonl.part-00004	25165777	8b665eb3f9e42e2daf7b61aade6c6e9c39257ca57551cea34c6e23b6568f00d2
sharded	llm_agent_and_tool/financial_adviso.corpus.jsonl	130843238	c3b03f06e9cee1b735a429264390f306bf5b2e598a60cfa54d06aa52daaef4d6	5	6	llm_agent_and_tool/financial_adviso.corpus.jsonl.part-00005	25165360	ec652f7a1904d881aaadf0ca0d8a9c4b7890bb126d6adac4d8df7e961761e014
sharded	llm_agent_and_tool/financial_adviso.corpus.jsonl	130843238	c3b03f06e9cee1b735a429264390f306bf5b2e598a60cfa54d06aa52daaef4d6	6	6	llm_agent_and_tool/financial_adviso.corpus.jsonl.part-00006	5016465	818bac467dcca99b9b256ab0643f70cd70686b1ff904b3790faa8ecce286078c
file	llm_agent_and_tool/financial_adviso.qrels.test.jsonl	108080	7ab27ccaa12890d429f58aeb796a8711cc8854710ebb4e83f55e18d972c13508	1	1	llm_agent_and_tool/financial_adviso.qrels.test.jsonl	108080	7ab27ccaa12890d429f58aeb796a8711cc8854710ebb4e83f55e18d972c13508
file	llm_agent_and_tool/financial_adviso.queries.test.jsonl	63100	aaf49c7ff169a12039682950e90690da613798366d76891e448723de2791c5f4	1	1	llm_agent_and_tool/financial_adviso.queries.test.jsonl	63100	aaf49c7ff169a12039682950e90690da613798366d76891e448723de2791c5f4
sharded	llm_agent_and_tool/healthcare_suppo.corpus.jsonl	177579917	fb8aa8cc54a196ce98f434bf8ab0291a8b63c315096b1ba6e712098e6798475b	1	8	llm_agent_and_tool/healthcare_suppo.corpus.jsonl.part-00001	25164829	93911e75c41eba1fc4f1be6bfed6b81791ef65dbe4fcd4a29943ca59bbc94376
sharded	llm_agent_and_tool/healthcare_suppo.corpus.jsonl	177579917	fb8aa8cc54a196ce98f434bf8ab0291a8b63c315096b1ba6e712098e6798475b	2	8	llm_agent_and_tool/healthcare_suppo.corpus.jsonl.part-00002	25165634	f35edde2500482de4e7aab52e206e9025ab9e34e1c41345b3edbb6b7db412e69
sharded	llm_agent_and_tool/healthcare_suppo.corpus.jsonl	177579917	fb8aa8cc54a196ce98f434bf8ab0291a8b63c315096b1ba6e712098e6798475b	3	8	llm_agent_and_tool/healthcare_suppo.corpus.jsonl.part-00003	25165451	ca07b7cac309633d5985a5dadb7321d00ef5469dda8d12796d54988d7ef1bb93
sharded	llm_agent_and_tool/healthcare_suppo.corpus.jsonl	177579917	fb8aa8cc54a196ce98f434bf8ab0291a8b63c315096b1ba6e712098e6798475b	4	8	llm_agent_and_tool/healthcare_suppo.corpus.jsonl.part-00004	25165210	d7035ccdfcd178dd6c6ab967bd554692e27b1681605bb987d8af2bbc677587d0
sharded	llm_agent_and_tool/healthcare_suppo.corpus.jsonl	177579917	fb8aa8cc54a196ce98f434bf8ab0291a8b63c315096b1ba6e712098e6798475b	5	8	llm_agent_and_tool/healthcare_suppo.corpus.jsonl.part-00005	25165585	2cfd0dad686a1648d911affe6305155bb6e3a8aa6bb654e18325da860d931ec7
sharded	llm_agent_and_tool/healthcare_suppo.corpus.jsonl	177579917	fb8aa8cc54a196ce98f434bf8ab0291a8b63c315096b1ba6e712098e6798475b	6	8	llm_agent_and_tool/healthcare_suppo.corpus.jsonl.part-00006	25164692	4c7513dc88d43d0691f924df0f97ad168b5bb50e95fb690db54d6377d891cf5d
sharded	llm_agent_and_tool/healthcare_suppo.corpus.jsonl	177579917	fb8aa8cc54a196ce98f434bf8ab0291a8b63c315096b1ba6e712098e6798475b	7	8	llm_agent_and_tool/healthcare_suppo.corpus.jsonl.part-00007	25165232	9c322369efc7ab3a11f8519e912743c012ce538507f53f50849454cb1ae091e4
sharded	llm_agent_and_tool/healthcare_suppo.corpus.jsonl	177579917	fb8aa8cc54a196ce98f434bf8ab0291a8b63c315096b1ba6e712098e6798475b	8	8	llm_agent_and_tool/healthcare_suppo.corpus.jsonl.part-00008	1423284	57c6358a8512389d8bd460c70e22d97cae565f25d60bf6761aec792818c92377
file	llm_agent_and_tool/healthcare_suppo.qrels.test.jsonl	88959	b34bfde81a8a84e0cfae64e5c2bab85fd06af29b9f305297b1d139a71b166532	1	1	llm_agent_and_tool/healthcare_suppo.qrels.test.jsonl	88959	b34bfde81a8a84e0cfae64e5c2bab85fd06af29b9f305297b1d139a71b166532
file	llm_agent_and_tool/healthcare_suppo.queries.test.jsonl	59686	cec64efbcb5d49ebb7c6ca3f2a3f4806f28d7fc58760c10e69a000b5256df006	1	1	llm_agent_and_tool/healthcare_suppo.queries.test.jsonl	59686	cec64efbcb5d49ebb7c6ca3f2a3f4806f28d7fc58760c10e69a000b5256df006
sharded	llm_agent_and_tool/legal_research_a.corpus.jsonl	224735187	1252463c67906e87172c0fe268e10c2658bb84c343ef4e47aa29d5c5b3ea66b2	1	9	llm_agent_and_tool/legal_research_a.corpus.jsonl.part-00001	25164756	c01e64ae62d67d1e426203d7a09f1dd61c949931c0d39be65740508c21526c5c
sharded	llm_agent_and_tool/legal_research_a.corpus.jsonl	224735187	1252463c67906e87172c0fe268e10c2658bb84c343ef4e47aa29d5c5b3ea66b2	2	9	llm_agent_and_tool/legal_research_a.corpus.jsonl.part-00002	25164841	7a3b4a03f3a39ddd7cc08039b03b39aa5af04dd66fe8018c8e41df211ee130e7
sharded	llm_agent_and_tool/legal_research_a.corpus.jsonl	224735187	1252463c67906e87172c0fe268e10c2658bb84c343ef4e47aa29d5c5b3ea66b2	3	9	llm_agent_and_tool/legal_research_a.corpus.jsonl.part-00003	25164865	4e26e8d18d9a456180a99b296b51639896fbe246deb3dddbecc8d1670e3de80b
sharded	llm_agent_and_tool/legal_research_a.corpus.jsonl	224735187	1252463c67906e87172c0fe268e10c2658bb84c343ef4e47aa29d5c5b3ea66b2	4	9	llm_agent_and_tool/legal_research_a.corpus.jsonl.part-00004	25165035	892ef223c849a888e95303dc8e1688c236b27399362766cc581fd997f981ca75
sharded	llm_agent_and_tool/legal_research_a.corpus.jsonl	224735187	1252463c67906e87172c0fe268e10c2658bb84c343ef4e47aa29d5c5b3ea66b2	5	9	llm_agent_and_tool/legal_research_a.corpus.jsonl.part-00005	25164518	4ebcb3ca7538641014c3de8d55290925874a5fb32bf541a8821179c462b42786
sharded	llm_agent_and_tool/legal_research_a.corpus.jsonl	224735187	1252463c67906e87172c0fe268e10c2658bb84c343ef4e47aa29d5c5b3ea66b2	6	9	llm_agent_and_tool/legal_research_a.corpus.jsonl.part-00006	25165289	e1167fa3e4ef2944ca121f2a77a0415f831cc40baccb9e7436a5432671ad7bfd
sharded	llm_agent_and_tool/legal_research_a.corpus.jsonl	224735187	1252463c67906e87172c0fe268e10c2658bb84c343ef4e47aa29d5c5b3ea66b2	7	9	llm_agent_and_tool/legal_research_a.corpus.jsonl.part-00007	25164851	c7efb43921c72c096af15c909f2ccd58933901a0ff0ecea294a1fc47363c7b75
sharded	llm_agent_and_tool/legal_research_a.corpus.jsonl	224735187	1252463c67906e87172c0fe268e10c2658bb84c343ef4e47aa29d5c5b3ea66b2	8	9	llm_agent_and_tool/legal_research_a.corpus.jsonl.part-00008	25165442	0eb99de86b04def246bce97623c9b259f9ad90f49ed906310eebac13a40d370e
sharded	llm_agent_and_tool/legal_research_a.corpus.jsonl	224735187	1252463c67906e87172c0fe268e10c2658bb84c343ef4e47aa29d5c5b3ea66b2	9	9	llm_agent_and_tool/legal_research_a.corpus.jsonl.part-00009	23415590	405977bc50674c3b8f9bfb83a7f36eff4d8b4eb8210de9e078cb011f2314faed
file	llm_agent_and_tool/legal_research_a.qrels.test.jsonl	166061	eaea597fca43ee9114835bcc2e42a3403f18cce309b33e10e06ca0e53fb14403	1	1	llm_agent_and_tool/legal_research_a.qrels.test.jsonl	166061	eaea597fca43ee9114835bcc2e42a3403f18cce309b33e10e06ca0e53fb14403
file	llm_agent_and_tool/legal_research_a.queries.test.jsonl	56602	b32621de8669f1c0361a74fe50f6210b283350c3559d9e830d2f164a045d6315	1	1	llm_agent_and_tool/legal_research_a.queries.test.jsonl	56602	b32621de8669f1c0361a74fe50f6210b283350c3559d9e830d2f164a045d6315
sharded	llm_agent_and_tool/model_performanc.corpus.jsonl	42527182	21018ec805ef72be251b674d7f3d5a1e34df5393400ef085900474061d5c2421	1	2	llm_agent_and_tool/model_performanc.corpus.jsonl.part-00001	25165598	a7835fc2ded91b22d2067c41f9b836e4a4c58d4ea446690df00d1211546bc95b
sharded	llm_agent_and_tool/model_performanc.corpus.jsonl	42527182	21018ec805ef72be251b674d7f3d5a1e34df5393400ef085900474061d5c2421	2	2	llm_agent_and_tool/model_performanc.corpus.jsonl.part-00002	17361584	4a163f877f59ad128fea0a32807fe011b44adc60e07a568b3afd1e6c149cf0f6
file	llm_agent_and_tool/model_performanc.qrels.test.jsonl	146270	ad3e0b45fdb156efe719c7cc623774569ce1028a4a483cff909f6843c5a90009	1	1	llm_agent_and_tool/model_performanc.qrels.test.jsonl	146270	ad3e0b45fdb156efe719c7cc623774569ce1028a4a483cff909f6843c5a90009
file	llm_agent_and_tool/model_performanc.queries.test.jsonl	54854	de47d7f88bec367c6ee7c23ab673bb27b0c69ba942b19131c5e059751e18c522	1	1	llm_agent_and_tool/model_performanc.queries.test.jsonl	54854	de47d7f88bec367c6ee7c23ab673bb27b0c69ba942b19131c5e059751e18c522
sharded	llm_agent_and_tool/research_assista.corpus.jsonl	129197906	b824477dd0fac1440c0601a6ae661cf828aa923d53cf2d0f123780ab495f748d	1	6	llm_agent_and_tool/research_assista.corpus.jsonl.part-00001	25164944	d147c127f57fd81e977d55588a0bf33cf79b76e9c596761bd4acd0537caa9254
sharded	llm_agent_and_tool/research_assista.corpus.jsonl	129197906	b824477dd0fac1440c0601a6ae661cf828aa923d53cf2d0f123780ab495f748d	2	6	llm_agent_and_tool/research_assista.corpus.jsonl.part-00002	25165604	af403eff6c0c01b132a550dbf541459801702d57854f28c60d3e255e34f5796a
sharded	llm_agent_and_tool/research_assista.corpus.jsonl	129197906	b824477dd0fac1440c0601a6ae661cf828aa923d53cf2d0f123780ab495f748d	3	6	llm_agent_and_tool/research_assista.corpus.jsonl.part-00003	25165744	52fc951d0afe57b0d24ec8e60b9a0c9a75a6db0422be4cf7006d22bd803d824a
sharded	llm_agent_and_tool/research_assista.corpus.jsonl	129197906	b824477dd0fac1440c0601a6ae661cf828aa923d53cf2d0f123780ab495f748d	4	6	llm_agent_and_tool/research_assista.corpus.jsonl.part-00004	25165130	6c49ac93656a0b6b84b2323456bfecac38dc4b4450df0ff78d054d2bd0876312
sharded	llm_agent_and_tool/research_assista.corpus.jsonl	129197906	b824477dd0fac1440c0601a6ae661cf828aa923d53cf2d0f123780ab495f748d	5	6	llm_agent_and_tool/research_assista.corpus.jsonl.part-00005	25165778	8ddc0fb52e854de7fc65f9910827554e13f0171a535086429d195cebd3e5e0b5
sharded	llm_agent_and_tool/research_assista.corpus.jsonl	129197906	b824477dd0fac1440c0601a6ae661cf828aa923d53cf2d0f123780ab495f748d	6	6	llm_agent_and_tool/research_assista.corpus.jsonl.part-00006	3370706	2522b96a57b41c7384603a52d178f8af9a6e4927bd2a5ff8a261839a584b24e1
file	llm_agent_and_tool/research_assista.qrels.test.jsonl	151741	d1a2199a68d5ca22de1a1225df9d9168bdb4b455f3ef2334e3b283040aea703d	1	1	llm_agent_and_tool/research_assista.qrels.test.jsonl	151741	d1a2199a68d5ca22de1a1225df9d9168bdb4b455f3ef2334e3b283040aea703d
file	llm_agent_and_tool/research_assista.queries.test.jsonl	62752	013229ddacd44572fadb1d4ec6e83363dade53f8869ef214849ba1fe1fda154d	1	1	llm_agent_and_tool/research_assista.queries.test.jsonl	62752	013229ddacd44572fadb1d4ec6e83363dade53f8869ef214849ba1fe1fda154d
sharded	llm_agent_and_tool/sentiment_analys.corpus.jsonl	64624844	ef42b79b5a797b6a8229d5f369ce12e9afbf8a9aa55abf2efa9726943bd8911d	1	3	llm_agent_and_tool/sentiment_analys.corpus.jsonl.part-00001	25165371	4a144d90a5ced69b97e56fe75f87e478e3da1b5b76bd56674cd6f320140d3961
sharded	llm_agent_and_tool/sentiment_analys.corpus.jsonl	64624844	ef42b79b5a797b6a8229d5f369ce12e9afbf8a9aa55abf2efa9726943bd8911d	2	3	llm_agent_and_tool/sentiment_analys.corpus.jsonl.part-00002	25165816	8fb7cb31161d164aae72f804de4065247fd3fe97de1ac5e2dba1e34af1e7142e
sharded	llm_agent_and_tool/sentiment_analys.corpus.jsonl	64624844	ef42b79b5a797b6a8229d5f369ce12e9afbf8a9aa55abf2efa9726943bd8911d	3	3	llm_agent_and_tool/sentiment_analys.corpus.jsonl.part-00003	14293657	717a0e844bdc73d235a35d99ee585ed90e23ccc6aeeeb1316f0ade57993e15e9
file	llm_agent_and_tool/sentiment_analys.qrels.test.jsonl	106305	bdb162782ccb260832732ea7faa47c1fbdb60d4e8418f89e1edc8b00881ba12f	1	1	llm_agent_and_tool/sentiment_analys.qrels.test.jsonl	106305	bdb162782ccb260832732ea7faa47c1fbdb60d4e8418f89e1edc8b00881ba12f
file	llm_agent_and_tool/sentiment_analys.queries.test.jsonl	57120	72558b3f07cf75c9ffc4e9f12421afa536c596f4d574754d46fd1f2c989702f4	1	1	llm_agent_and_tool/sentiment_analys.queries.test.jsonl	57120	72558b3f07cf75c9ffc4e9f12421afa536c596f4d574754d46fd1f2c989702f4
sharded	llm_agent_and_tool/training_data_ma.corpus.jsonl	83095617	bf3203bc33dca83fe973b73f895ee185a01f171df6ddb12f094b85608999ceb6	1	4	llm_agent_and_tool/training_data_ma.corpus.jsonl.part-00001	25165172	f28def2107457418a29d95bbb8934cc53bf5ef9939ff183ca9a451f0c408cfa8
sharded	llm_agent_and_tool/training_data_ma.corpus.jsonl	83095617	bf3203bc33dca83fe973b73f895ee185a01f171df6ddb12f094b85608999ceb6	2	4	llm_agent_and_tool/training_data_ma.corpus.jsonl.part-00002	25165710	abe9767d968dff13e1dc6da71894526baeb8975616dfd613adf00823453b0990
sharded	llm_agent_and_tool/training_data_ma.corpus.jsonl	83095617	bf3203bc33dca83fe973b73f895ee185a01f171df6ddb12f094b85608999ceb6	3	4	llm_agent_and_tool/training_data_ma.corpus.jsonl.part-00003	25165485	3de0d717bba4b60101e24e54f4244f0bcba3a9750c6b61bef9c6503f0cd1d8cb
sharded	llm_agent_and_tool/training_data_ma.corpus.jsonl	83095617	bf3203bc33dca83fe973b73f895ee185a01f171df6ddb12f094b85608999ceb6	4	4	llm_agent_and_tool/training_data_ma.corpus.jsonl.part-00004	7599250	dbb31f171a3e479f0558827c6e978a732936e5a75cf8c57ae7a7dfb2abe1d229
file	llm_agent_and_tool/training_data_ma.qrels.test.jsonl	143203	7e72e4c27a6d29e7de43e078c68964723fe4e95cebd3b054b40790628c268560	1	1	llm_agent_and_tool/training_data_ma.qrels.test.jsonl	143203	7e72e4c27a6d29e7de43e078c68964723fe4e95cebd3b054b40790628c268560
file	llm_agent_and_tool/training_data_ma.queries.test.jsonl	56329	36384da50dd2eb2460387a345f47efcbbc954034c56755c9adf83277ba9a20c0	1	1	llm_agent_and_tool/training_data_ma.queries.test.jsonl	56329	36384da50dd2eb2460387a345f47efcbbc954034c56755c9adf83277ba9a20c0
sharded	llm_agent_and_tool/user_behavior_tr.corpus.jsonl	132581413	001186fe5aa9fe2b4a24daa02db9de5fe16d71b90fc8ea065f7d8e6dc07184c0	1	6	llm_agent_and_tool/user_behavior_tr.corpus.jsonl.part-00001	25165439	d8940fe430747528dd8c3e09f72658e5d1ac7e2e81ebae11ee06cfedfe51f774
sharded	llm_agent_and_tool/user_behavior_tr.corpus.jsonl	132581413	001186fe5aa9fe2b4a24daa02db9de5fe16d71b90fc8ea065f7d8e6dc07184c0	2	6	llm_agent_and_tool/user_behavior_tr.corpus.jsonl.part-00002	25165623	c321734c4e62e40e1ccb3a10dfd2782c292c483b926413dc15d334c034242664
sharded	llm_agent_and_tool/user_behavior_tr.corpus.jsonl	132581413	001186fe5aa9fe2b4a24daa02db9de5fe16d71b90fc8ea065f7d8e6dc07184c0	3	6	llm_agent_and_tool/user_behavior_tr.corpus.jsonl.part-00003	25165125	b59bf1537df9c1c2d52111e9181b3cd98ffa201f2122319ef7524b03d397fd0a
sharded	llm_agent_and_tool/user_behavior_tr.corpus.jsonl	132581413	001186fe5aa9fe2b4a24daa02db9de5fe16d71b90fc8ea065f7d8e6dc07184c0	4	6	llm_agent_and_tool/user_behavior_tr.corpus.jsonl.part-00004	25165804	400d567069ce2d82fdbb3e0b7a8d8c1220648ed530794d1b94e59c430b45110f
sharded	llm_agent_and_tool/user_behavior_tr.corpus.jsonl	132581413	001186fe5aa9fe2b4a24daa02db9de5fe16d71b90fc8ea065f7d8e6dc07184c0	5	6	llm_agent_and_tool/user_behavior_tr.corpus.jsonl.part-00005	25164923	dd028a09e32e85f5962946dd518b4bcf8eac8f84e4f407942bf26ffccc6caafb
sharded	llm_agent_and_tool/user_behavior_tr.corpus.jsonl	132581413	001186fe5aa9fe2b4a24daa02db9de5fe16d71b90fc8ea065f7d8e6dc07184c0	6	6	llm_agent_and_tool/user_behavior_tr.corpus.jsonl.part-00006	6754499	afd9c6b3e55cad474663268e4a59e8a47a06e8bda2280693ed35b7e0a8a32b62
file	llm_agent_and_tool/user_behavior_tr.qrels.test.jsonl	85457	11b49c6be832d1cbea83c05ac0d7f58476944103bf6928754f451f5c127d6e34	1	1	llm_agent_and_tool/user_behavior_tr.qrels.test.jsonl	85457	11b49c6be832d1cbea83c05ac0d7f58476944103bf6928754f451f5c127d6e34
file	llm_agent_and_tool/user_behavior_tr.queries.test.jsonl	61215	f1a5f0315da2006e79ddbe6b90192da03172556cfc4588ed37685545b7ed7eb7	1	1	llm_agent_and_tool/user_behavior_tr.queries.test.jsonl	61215	f1a5f0315da2006e79ddbe6b90192da03172556cfc4588ed37685545b7ed7eb7
sharded	llm_agent_and_tool/version_control_.corpus.jsonl	78083728	ed858e3b4c8d4d583dd99846c81bfb35c42fadad3fc817141d7ef6c8a5b4bbc2	1	4	llm_agent_and_tool/version_control_.corpus.jsonl.part-00001	25165820	a32d4b3864415621e64b14daef6414f4fbde40a57999cae7b4ff3b02ecb7bf70
sharded	llm_agent_and_tool/version_control_.corpus.jsonl	78083728	ed858e3b4c8d4d583dd99846c81bfb35c42fadad3fc817141d7ef6c8a5b4bbc2	2	4	llm_agent_and_tool/version_control_.corpus.jsonl.part-00002	25165345	2a0d99104bbfd8590be0a464162965570ef5d6bb76a151774beb983f66bac3ec
sharded	llm_agent_and_tool/version_control_.corpus.jsonl	78083728	ed858e3b4c8d4d583dd99846c81bfb35c42fadad3fc817141d7ef6c8a5b4bbc2	3	4	llm_agent_and_tool/version_control_.corpus.jsonl.part-00003	25165590	3556206b733ee24fadc1ed69c2d821deb89dc022baf2d88e4d87ece1a6f426a2
sharded	llm_agent_and_tool/version_control_.corpus.jsonl	78083728	ed858e3b4c8d4d583dd99846c81bfb35c42fadad3fc817141d7ef6c8a5b4bbc2	4	4	llm_agent_and_tool/version_control_.corpus.jsonl.part-00004	2586973	44c0f63db72c3d4e9fdd965eeacaeeb6713f828187cbd0bb62644fcd0f7fd0fb
file	llm_agent_and_tool/version_control_.qrels.test.jsonl	153546	81d78b8fec6fc6ca2372f3ed3384e733a69b114d42f83cb625e49e7a4f702645	1	1	llm_agent_and_tool/version_control_.qrels.test.jsonl	153546	81d78b8fec6fc6ca2372f3ed3384e733a69b114d42f83cb625e49e7a4f702645
file	llm_agent_and_tool/version_control_.queries.test.jsonl	55028	8b1b653f9db7bef2b3ca99c1abff52a43da42fe58e8490a8e26e17ad8b2f5573	1	1	llm_agent_and_tool/version_control_.queries.test.jsonl	55028	8b1b653f9db7bef2b3ca99c1abff52a43da42fe58e8490a8e26e17ad8b2f5573
sharded	llm_agent_and_tool/virtual_assistan.corpus.jsonl	153451248	ed89732deb3c196b9fc0f2382bf2cbec2e11dbc747fc97a54e543bfb8fdfec5c	1	7	llm_agent_and_tool/virtual_assistan.corpus.jsonl.part-00001	25165528	8299b7c3bd1854e8bbe42c020b995f7ca459ae63040355710d445628d83dc54f
sharded	llm_agent_and_tool/virtual_assistan.corpus.jsonl	153451248	ed89732deb3c196b9fc0f2382bf2cbec2e11dbc747fc97a54e543bfb8fdfec5c	2	7	llm_agent_and_tool/virtual_assistan.corpus.jsonl.part-00002	25164617	98c5f2e6c695abafb4b36b8c85e758ace60b4beee0ce3f3c7f73f092116dcc9b
sharded	llm_agent_and_tool/virtual_assistan.corpus.jsonl	153451248	ed89732deb3c196b9fc0f2382bf2cbec2e11dbc747fc97a54e543bfb8fdfec5c	3	7	llm_agent_and_tool/virtual_assistan.corpus.jsonl.part-00003	25165653	263e5677ff5edf901a635a1ff97c1c6734cd44e2e0e7cf5b478968d1c4c7a3a4
sharded	llm_agent_and_tool/virtual_assistan.corpus.jsonl	153451248	ed89732deb3c196b9fc0f2382bf2cbec2e11dbc747fc97a54e543bfb8fdfec5c	4	7	llm_agent_and_tool/virtual_assistan.corpus.jsonl.part-00004	25165619	450c4d9bb812f38bb94dcda5357eda32dbb6c3537b68f33fd7dc3c5e81b91dc7
sharded	llm_agent_and_tool/virtual_assistan.corpus.jsonl	153451248	ed89732deb3c196b9fc0f2382bf2cbec2e11dbc747fc97a54e543bfb8fdfec5c	5	7	llm_agent_and_tool/virtual_assistan.corpus.jsonl.part-00005	25165056	14088370169593febf4b84ad721eb3d7398615f48ffcffe4f218d14369877445
sharded	llm_agent_and_tool/virtual_assistan.corpus.jsonl	153451248	ed89732deb3c196b9fc0f2382bf2cbec2e11dbc747fc97a54e543bfb8fdfec5c	6	7	llm_agent_and_tool/virtual_assistan.corpus.jsonl.part-00006	25165301	dcb55d6d31add6e14344a49e5f3ece657a6be28f05f962fb4d81c87c90bd2eff
sharded	llm_agent_and_tool/virtual_assistan.corpus.jsonl	153451248	ed89732deb3c196b9fc0f2382bf2cbec2e11dbc747fc97a54e543bfb8fdfec5c	7	7	llm_agent_and_tool/virtual_assistan.corpus.jsonl.part-00007	2459474	325c3309cc4dc9e82e37f4da0a37114d13341b19a8e27becd82a058f781c419b
file	llm_agent_and_tool/virtual_assistan.qrels.test.jsonl	75077	287c2ebbd6745a5fe55bcbe06ff506f6cecfa36e191ae00e31f7739bfe9a6809	1	1	llm_agent_and_tool/virtual_assistan.qrels.test.jsonl	75077	287c2ebbd6745a5fe55bcbe06ff506f6cecfa36e191ae00e31f7739bfe9a6809
file	llm_agent_and_tool/virtual_assistan.queries.test.jsonl	55914	7da62f8ffedd895ee5ad39016ecd4b1e4c34cb42ac8121964172ff3598cc0765	1	1	llm_agent_and_tool/virtual_assistan.queries.test.jsonl	55914	7da62f8ffedd895ee5ad39016ecd4b1e4c34cb42ac8121964172ff3598cc0765
sharded	product_search/art_and_craft_su.corpus.jsonl	165177569	22f5bb998ce87742b6a4b02c7ef9cd3d19f44637837da50dfa9a76a87f78db4a	1	7	product_search/art_and_craft_su.corpus.jsonl.part-00001	25165464	c24cc52e06fc9e357ec9e6eccca919a6315172cd6f6fd0d2a43b3003dde61bdc
sharded	product_search/art_and_craft_su.corpus.jsonl	165177569	22f5bb998ce87742b6a4b02c7ef9cd3d19f44637837da50dfa9a76a87f78db4a	2	7	product_search/art_and_craft_su.corpus.jsonl.part-00002	25164893	ecde31ea0fb34e4e0938011518d7acdc49a9ab8220912840514ab5ebcc16273d
sharded	product_search/art_and_craft_su.corpus.jsonl	165177569	22f5bb998ce87742b6a4b02c7ef9cd3d19f44637837da50dfa9a76a87f78db4a	3	7	product_search/art_and_craft_su.corpus.jsonl.part-00003	25164671	fad4f7d4a60229bed9d36fa5cf442f1a64ae4123b8a3d785f54458984958f419
sharded	product_search/art_and_craft_su.corpus.jsonl	165177569	22f5bb998ce87742b6a4b02c7ef9cd3d19f44637837da50dfa9a76a87f78db4a	4	7	product_search/art_and_craft_su.corpus.jsonl.part-00004	25165414	2fb9dd2a9405cfae9619a5e4b97065f3edb926b11174312f1e90444bb653f9e2
sharded	product_search/art_and_craft_su.corpus.jsonl	165177569	22f5bb998ce87742b6a4b02c7ef9cd3d19f44637837da50dfa9a76a87f78db4a	5	7	product_search/art_and_craft_su.corpus.jsonl.part-00005	25165314	9720d64ea3f3c5c9c65a5e21558b2b379e217785c04a62d7ab0c9b015dba41e9
sharded	product_search/art_and_craft_su.corpus.jsonl	165177569	22f5bb998ce87742b6a4b02c7ef9cd3d19f44637837da50dfa9a76a87f78db4a	6	7	product_search/art_and_craft_su.corpus.jsonl.part-00006	25165521	01c36c1d1f0a36097fd2846ab31f8adb190efcba01d4098503bc7bf6ab78184d
sharded	product_search/art_and_craft_su.corpus.jsonl	165177569	22f5bb998ce87742b6a4b02c7ef9cd3d19f44637837da50dfa9a76a87f78db4a	7	7	product_search/art_and_craft_su.corpus.jsonl.part-00007	14186292	34be4a5e29a08a292bf15d599bd10aff3e1ec3a075b868c677bd6e84947e4730
file	product_search/art_and_craft_su.qrels.test.jsonl	90464	7de2909d60132fd85f053f422978367880e62d54002c3f8f24056243c0ee75f6	1	1	product_search/art_and_craft_su.qrels.test.jsonl	90464	7de2909d60132fd85f053f422978367880e62d54002c3f8f24056243c0ee75f6
file	product_search/art_and_craft_su.queries.test.jsonl	50744	22be16e70e02e874736d4e9f340ca398ae51cd834518e5311d03b80b88f43a4a	1	1	product_search/art_and_craft_su.queries.test.jsonl	50744	22be16e70e02e874736d4e9f340ca398ae51cd834518e5311d03b80b88f43a4a
sharded	product_search/automotive_searc.corpus.jsonl	103226930	00f8314475600d911987633c0a7890aebe248fd2c43432522255debe3d3e49bd	1	5	product_search/automotive_searc.corpus.jsonl.part-00001	25165575	e9380a478fb5302bd204df34b4f5c86cad86640660135e8dcbeba5250a28bcb9
sharded	product_search/automotive_searc.corpus.jsonl	103226930	00f8314475600d911987633c0a7890aebe248fd2c43432522255debe3d3e49bd	2	5	product_search/automotive_searc.corpus.jsonl.part-00002	25165123	65a6ce378544fdbddc01ded755448cc2f8a74f54e5d30cd16a9c22777d7afb84
sharded	product_search/automotive_searc.corpus.jsonl	103226930	00f8314475600d911987633c0a7890aebe248fd2c43432522255debe3d3e49bd	3	5	product_search/automotive_searc.corpus.jsonl.part-00003	25165079	6721d6c314d7a35accabd06c869f808ae85fd6cd73cc4ad742c6aef57a9eca81
sharded	product_search/automotive_searc.corpus.jsonl	103226930	00f8314475600d911987633c0a7890aebe248fd2c43432522255debe3d3e49bd	4	5	product_search/automotive_searc.corpus.jsonl.part-00004	25165205	86983afaded910652e156bd9ddb390aaa7cf590896f69e50d2376016310bb016
sharded	product_search/automotive_searc.corpus.jsonl	103226930	00f8314475600d911987633c0a7890aebe248fd2c43432522255debe3d3e49bd	5	5	product_search/automotive_searc.corpus.jsonl.part-00005	2565948	a6f31a5af670a7fdd8c522a17f79c7f372808aeed2f0cf07536f8908c91176cc
file	product_search/automotive_searc.qrels.test.jsonl	72439	6b5e6fa4931824e9ed2c8e20ae88905d6aa561191f3f5c49ae0bad1ba36e711a	1	1	product_search/automotive_searc.qrels.test.jsonl	72439	6b5e6fa4931824e9ed2c8e20ae88905d6aa561191f3f5c49ae0bad1ba36e711a
file	product_search/automotive_searc.queries.test.jsonl	48562	7baac2f1f1657b00e65cf160380f8baf9dda06bd47c831c2e80ae50149fcb5ce	1	1	product_search/automotive_searc.queries.test.jsonl	48562	7baac2f1f1657b00e65cf160380f8baf9dda06bd47c831c2e80ae50149fcb5ce
sharded	product_search/baby_products_se.corpus.jsonl	125896730	e6e5ae8e673deccaa44e90830feb68093a77c76910d27a0886c9d72f1d818999	1	6	product_search/baby_products_se.corpus.jsonl.part-00001	25165242	2d998afeb44e8d5c33f66ef467dcedd3abf858f4924d7b64af6eac9197a0550e
sharded	product_search/baby_products_se.corpus.jsonl	125896730	e6e5ae8e673deccaa44e90830feb68093a77c76910d27a0886c9d72f1d818999	2	6	product_search/baby_products_se.corpus.jsonl.part-00002	25165541	39299e9628526aa1b9c6b9fd1d8ad4f5f8b876a33483e99edc731e62fe369c55
sharded	product_search/baby_products_se.corpus.jsonl	125896730	e6e5ae8e673deccaa44e90830feb68093a77c76910d27a0886c9d72f1d818999	3	6	product_search/baby_products_se.corpus.jsonl.part-00003	25165699	f67ac9414d63e80f894649da249a603a44332635730332f965a8d0b7d974341e
sharded	product_search/baby_products_se.corpus.jsonl	125896730	e6e5ae8e673deccaa44e90830feb68093a77c76910d27a0886c9d72f1d818999	4	6	product_search/baby_products_se.corpus.jsonl.part-00004	25165646	ab24b7eff49293f11ee16239a0c09d796445cf98481a354862f1633c903d7505
sharded	product_search/baby_products_se.corpus.jsonl	125896730	e6e5ae8e673deccaa44e90830feb68093a77c76910d27a0886c9d72f1d818999	5	6	product_search/baby_products_se.corpus.jsonl.part-00005	25165532	a057c6b609debb7bbbb5797a3d53cbcbaf64e3aff93e76f3819032ced63cfa43
sharded	product_search/baby_products_se.corpus.jsonl	125896730	e6e5ae8e673deccaa44e90830feb68093a77c76910d27a0886c9d72f1d818999	6	6	product_search/baby_products_se.corpus.jsonl.part-00006	69070	22d868d380d34b9b711d10554f08a32f35bbc9ae34aa8ac3b8d64c8970af2e69
file	product_search/baby_products_se.qrels.test.jsonl	136455	0b574abc74c3e635fae4e6ba671514c8da5edf9a4d602a4eb7c3a645466605be	1	1	product_search/baby_products_se.qrels.test.jsonl	136455	0b574abc74c3e635fae4e6ba671514c8da5edf9a4d602a4eb7c3a645466605be
file	product_search/baby_products_se.queries.test.jsonl	49208	11ddedac56a8e68c8f56241387bc79f192d921d4a8b73d4417555b1550a44216	1	1	product_search/baby_products_se.queries.test.jsonl	49208	11ddedac56a8e68c8f56241387bc79f192d921d4a8b73d4417555b1550a44216
sharded	product_search/beauty_products_.corpus.jsonl	130639822	300ad2d2880380180df1ad4fa9fc6172fda347939e0de9334aa9ba8c0fd77657	1	6	product_search/beauty_products_.corpus.jsonl.part-00001	25165274	142f71f08d5d77a6a5bbf65b52f396f2cf620ff53a7746445702a46130107356
sharded	product_search/beauty_products_.corpus.jsonl	130639822	300ad2d2880380180df1ad4fa9fc6172fda347939e0de9334aa9ba8c0fd77657	2	6	product_search/beauty_products_.corpus.jsonl.part-00002	25165688	7cd88ca65fe259e11652515c43f6084023ae3649e97ca02cab944b374e6e40ab
sharded	product_search/beauty_products_.corpus.jsonl	130639822	300ad2d2880380180df1ad4fa9fc6172fda347939e0de9334aa9ba8c0fd77657	3	6	product_search/beauty_products_.corpus.jsonl.part-00003	25165310	29df6c3b744dc73e285dd1cc9f5708c09b1ad14eb4f5ecc59c4ca49a84330a53
sharded	product_search/beauty_products_.corpus.jsonl	130639822	300ad2d2880380180df1ad4fa9fc6172fda347939e0de9334aa9ba8c0fd77657	4	6	product_search/beauty_products_.corpus.jsonl.part-00004	25165447	759a445a30ecc82b551cfd9387a8568a0a8419a53c4d3b2595d8337092414b8e
sharded	product_search/beauty_products_.corpus.jsonl	130639822	300ad2d2880380180df1ad4fa9fc6172fda347939e0de9334aa9ba8c0fd77657	5	6	product_search/beauty_products_.corpus.jsonl.part-00005	25165468	7992c6320a7f7b318a01f590657c581cea3c9afe48a29404f632d620cffc7915
sharded	product_search/beauty_products_.corpus.jsonl	130639822	300ad2d2880380180df1ad4fa9fc6172fda347939e0de9334aa9ba8c0fd77657	6	6	product_search/beauty_products_.corpus.jsonl.part-00006	4812635	3f104b11772cee806920dee3e64df668bb09be8f6c82f50e1503953a9d609854
file	product_search/beauty_products_.qrels.test.jsonl	152247	c9572fdac9d1b10e60aa28a46b2a17dc70c50508ce0993381a739e56efb0e470	1	1	product_search/beauty_products_.qrels.test.jsonl	152247	c9572fdac9d1b10e60aa28a46b2a17dc70c50508ce0993381a739e56efb0e470
file	product_search/beauty_products_.queries.test.jsonl	46821	34ac1d10f960964c76e5a1b7a1334a3593861e863e270265f4362aecd405dd76	1	1	product_search/beauty_products_.queries.test.jsonl	46821	34ac1d10f960964c76e5a1b7a1334a3593861e863e270265f4362aecd405dd76
sharded	product_search/books_search.corpus.jsonl	108794698	eba2300b265e4d3da79ba703c61d62dc305d59dfe0c61b4f921836cf4ac51af0	1	5	product_search/books_search.corpus.jsonl.part-00001	25165370	91c3cada324ba3ee29d6e432cdf37cbfcc876240a9bfee79e459fec05a06007a
sharded	product_search/books_search.corpus.jsonl	108794698	eba2300b265e4d3da79ba703c61d62dc305d59dfe0c61b4f921836cf4ac51af0	2	5	product_search/books_search.corpus.jsonl.part-00002	25165273	818b42075218848a078cf9430bd54ba8086438d78c1bb9b9722917d936e2c948
sharded	product_search/books_search.corpus.jsonl	108794698	eba2300b265e4d3da79ba703c61d62dc305d59dfe0c61b4f921836cf4ac51af0	3	5	product_search/books_search.corpus.jsonl.part-00003	25165475	e693d993c115fdbfd5018211d8204e6f7f29d0965398fe1ebe6a39d39de4194e
sharded	product_search/books_search.corpus.jsonl	108794698	eba2300b265e4d3da79ba703c61d62dc305d59dfe0c61b4f921836cf4ac51af0	4	5	product_search/books_search.corpus.jsonl.part-00004	25165402	f16f8f31dd1d7d260b9114a65411d096fe7746a7ca2a68caa57d7fed720a6633
sharded	product_search/books_search.corpus.jsonl	108794698	eba2300b265e4d3da79ba703c61d62dc305d59dfe0c61b4f921836cf4ac51af0	5	5	product_search/books_search.corpus.jsonl.part-00005	8133178	56e519f283967cb906b5b9176c9ec39f7f99665973cecc1389bf075047a6f6a0
file	product_search/books_search.qrels.test.jsonl	101716	e4f48b8bf04cd4e754d07fab939add87f9582664d2124aa30e49d85a36690709	1	1	product_search/books_search.qrels.test.jsonl	101716	e4f48b8bf04cd4e754d07fab939add87f9582664d2124aa30e49d85a36690709
file	product_search/books_search.queries.test.jsonl	46154	da289a95498cbeec5b3b978c7ca441d78f01a3a6bc04d6354a3a2a077a0ff6db	1	1	product_search/books_search.queries.test.jsonl	46154	da289a95498cbeec5b3b978c7ca441d78f01a3a6bc04d6354a3a2a077a0ff6db
sharded	product_search/camera_search.corpus.jsonl	108884722	98429fdd6331970b93684c3a02b81fb923ccf4b177b6ab6fc3ac01d3185275d0	1	5	product_search/camera_search.corpus.jsonl.part-00001	25165776	ae74a8ddc9fc5146ecf4b55c9c3e92b94acd29c04981622176cc8d1a6586fe9b
sharded	product_search/camera_search.corpus.jsonl	108884722	98429fdd6331970b93684c3a02b81fb923ccf4b177b6ab6fc3ac01d3185275d0	2	5	product_search/camera_search.corpus.jsonl.part-00002	25165630	af9e3c0110ebae1344ccf6406049c20a349f9a4da55c82d8eb105f24bf6bc7f8
sharded	product_search/camera_search.corpus.jsonl	108884722	98429fdd6331970b93684c3a02b81fb923ccf4b177b6ab6fc3ac01d3185275d0	3	5	product_search/camera_search.corpus.jsonl.part-00003	25165606	ec584badc8737db49136cb0baa98f07d2072778b3bb04ba7ff3484ab67450109
sharded	product_search/camera_search.corpus.jsonl	108884722	98429fdd6331970b93684c3a02b81fb923ccf4b177b6ab6fc3ac01d3185275d0	4	5	product_search/camera_search.corpus.jsonl.part-00004	25165122	40862ba51e40dfa91439c6896a40b3d86bce89f197f2bf04927e4ad3109d4727
sharded	product_search/camera_search.corpus.jsonl	108884722	98429fdd6331970b93684c3a02b81fb923ccf4b177b6ab6fc3ac01d3185275d0	5	5	product_search/camera_search.corpus.jsonl.part-00005	8222588	bd89c6acd6a536532a467b60e93e2559a48c16c93c1e2b5bca839457a72575e8
file	product_search/camera_search.qrels.test.jsonl	166963	d2a224b5f84508913efe4344f8575d5a290dd7e0de72f61d0b394a1f1accdda1	1	1	product_search/camera_search.qrels.test.jsonl	166963	d2a224b5f84508913efe4344f8575d5a290dd7e0de72f61d0b394a1f1accdda1
file	product_search/camera_search.queries.test.jsonl	53786	8c35b642f7fff9f7d42f971fc32c149fec6f8b09da5f05f9e8cb5b5973939684	1	1	product_search/camera_search.queries.test.jsonl	53786	8c35b642f7fff9f7d42f971fc32c149fec6f8b09da5f05f9e8cb5b5973939684
sharded	product_search/electronics_sear.corpus.jsonl	138100454	3b26d738a44953c67ac975d1a87d20df28aaf8c23100caa21adb8443d81cac9c	1	6	product_search/electronics_sear.corpus.jsonl.part-00001	25165607	cd2ad8635e396858f223bdd4edde64044f2050bc82f4af76555d8fe67db9606e
sharded	product_search/electronics_sear.corpus.jsonl	138100454	3b26d738a44953c67ac975d1a87d20df28aaf8c23100caa21adb8443d81cac9c	2	6	product_search/electronics_sear.corpus.jsonl.part-00002	25165811	52440c8a211955296fd7aa69bf15b7784818e5bee72ac158005d40e50c6ac8c7
sharded	product_search/electronics_sear.corpus.jsonl	138100454	3b26d738a44953c67ac975d1a87d20df28aaf8c23100caa21adb8443d81cac9c	3	6	product_search/electronics_sear.corpus.jsonl.part-00003	25165544	a1259983e9f1aac0b863c9449195576ad4c8c88af1ee08be8f75a82e3e77501f
sharded	product_search/electronics_sear.corpus.jsonl	138100454	3b26d738a44953c67ac975d1a87d20df28aaf8c23100caa21adb8443d81cac9c	4	6	product_search/electronics_sear.corpus.jsonl.part-00004	25165248	4aa1f7cf7b796f3e3331432d3379e3ce293809f0a36d9e36192f01da603bf983
sharded	product_search/electronics_sear.corpus.jsonl	138100454	3b26d738a44953c67ac975d1a87d20df28aaf8c23100caa21adb8443d81cac9c	5	6	product_search/electronics_sear.corpus.jsonl.part-00005	25165134	3c16ebf263c69a1ca0a5af74889d8ad9cfa058f5d8fa27ea4a140ade4523671e
sharded	product_search/electronics_sear.corpus.jsonl	138100454	3b26d738a44953c67ac975d1a87d20df28aaf8c23100caa21adb8443d81cac9c	6	6	product_search/electronics_sear.corpus.jsonl.part-00006	12273110	b9d5b8c28ef5beb8a3a921e73efd7523a48acf05e0c9bbc1b0b32f1323cd4b77
file	product_search/electronics_sear.qrels.test.jsonl	112199	245e45b3f91d975f59b17984a358e1fcedae3fb947872074861b482573d2fc99	1	1	product_search/electronics_sear.qrels.test.jsonl	112199	245e45b3f91d975f59b17984a358e1fcedae3fb947872074861b482573d2fc99
file	product_search/electronics_sear.queries.test.jsonl	50102	f78559522a5936504bb2d309dc2f065fabd2e8d2e5d47ae40b56faada8e31f30	1	1	product_search/electronics_sear.queries.test.jsonl	50102	f78559522a5936504bb2d309dc2f065fabd2e8d2e5d47ae40b56faada8e31f30
sharded	product_search/fashion_search.corpus.jsonl	104361303	1ae91f037f84c320f1630210ee5583e05ec02b9508cd5aac8f445663d888314b	1	5	product_search/fashion_search.corpus.jsonl.part-00001	25165200	76c98bacedd93dfa37b9f3b6fb2aafd9d39a800a18b75c50bf32854bfb9b7721
sharded	product_search/fashion_search.corpus.jsonl	104361303	1ae91f037f84c320f1630210ee5583e05ec02b9508cd5aac8f445663d888314b	2	5	product_search/fashion_search.corpus.jsonl.part-00002	25165784	3520465d49313a40b443cbbfaba7f217233d0c560c91e322778514ac01e0cb76
sharded	product_search/fashion_search.corpus.jsonl	104361303	1ae91f037f84c320f1630210ee5583e05ec02b9508cd5aac8f445663d888314b	3	5	product_search/fashion_search.corpus.jsonl.part-00003	25165234	b6c12442aef3f614726b69b5f430e0eead409289d74f59594a54591896c26011
sharded	product_search/fashion_search.corpus.jsonl	104361303	1ae91f037f84c320f1630210ee5583e05ec02b9508cd5aac8f445663d888314b	4	5	product_search/fashion_search.corpus.jsonl.part-00004	25165702	03a7a33ddc42504bb87f5f9e5729be2fc45f93adb82f19e040ac033ba83fb521
sharded	product_search/fashion_search.corpus.jsonl	104361303	1ae91f037f84c320f1630210ee5583e05ec02b9508cd5aac8f445663d888314b	5	5	product_search/fashion_search.corpus.jsonl.part-00005	3699383	9eca1c1e5f49fd183a0adde22af074363fdee0deebe61db0821b592fcef6d741
file	product_search/fashion_search.qrels.test.jsonl	160165	6718b78c3bad1a0d3f0c9ac0c58449e1f6ce09c3599d7703b609e069fc0e1911	1	1	product_search/fashion_search.qrels.test.jsonl	160165	6718b78c3bad1a0d3f0c9ac0c58449e1f6ce09c3599d7703b609e069fc0e1911
file	product_search/fashion_search.queries.test.jsonl	48651	e48bd2210bc16e2b4670a19267ceb9799a3247ce6b7e387e17189c8f689424a2	1	1	product_search/fashion_search.queries.test.jsonl	48651	e48bd2210bc16e2b4670a19267ceb9799a3247ce6b7e387e17189c8f689424a2
sharded	product_search/furniture_search.corpus.jsonl	117201499	3662831c7efe9c3a57449fecf0597f66b7964ee222fff7aa533a7f51eb607075	1	5	product_search/furniture_search.corpus.jsonl.part-00001	25164885	789f5e1e0b0f8955fb9fde8c178e34169be88a7ed0026fa40a8ab17eac843643
sharded	product_search/furniture_search.corpus.jsonl	117201499	3662831c7efe9c3a57449fecf0597f66b7964ee222fff7aa533a7f51eb607075	2	5	product_search/furniture_search.corpus.jsonl.part-00002	25164790	d885758394cbaccf3e7ce8709d3939f2c2650f70d89f124d6c9153045f6bb6bc
sharded	product_search/furniture_search.corpus.jsonl	117201499	3662831c7efe9c3a57449fecf0597f66b7964ee222fff7aa533a7f51eb607075	3	5	product_search/furniture_search.corpus.jsonl.part-00003	25165331	0c834a51c0bd595973d9360c1f15d47b9d4539accbfb49c0879832f3ef6fc2e4
sharded	product_search/furniture_search.corpus.jsonl	117201499	3662831c7efe9c3a57449fecf0597f66b7964ee222fff7aa533a7f51eb607075	4	5	product_search/furniture_search.corpus.jsonl.part-00004	25165319	34137cbaf24c547f4b353397937a4d1f676daef609941298e60350eff8a492c2
sharded	product_search/furniture_search.corpus.jsonl	117201499	3662831c7efe9c3a57449fecf0597f66b7964ee222fff7aa533a7f51eb607075	5	5	product_search/furniture_search.corpus.jsonl.part-00005	16541174	7c006c3aae38539b901c3cbf47108a80824380de065f9c18c84fbcaef24d470d
file	product_search/furniture_search.qrels.test.jsonl	107826	3464313d8748b2d67ef7571eea4c5abc5276e22af1619b1482971621ef656fc6	1	1	product_search/furniture_search.qrels.test.jsonl	107826	3464313d8748b2d67ef7571eea4c5abc5276e22af1619b1482971621ef656fc6
file	product_search/furniture_search.queries.test.jsonl	47688	97185c3ba93b4156a90658334f93c7e8b8813f09aa181851a90fde7ae4e456e0	1	1	product_search/furniture_search.queries.test.jsonl	47688	97185c3ba93b4156a90658334f93c7e8b8813f09aa181851a90fde7ae4e456e0
sharded	product_search/garden_supplies_.corpus.jsonl	123550617	5b9110db21f3a82d56f1f40d5da2d7c65d36de55a61ac3498cb37e2b2478a450	1	5	product_search/garden_supplies_.corpus.jsonl.part-00001	25165606	f7d6c93cc743cd25b8a60678d59c548a882681257389aa1c924b0cff4a2f274b
sharded	product_search/garden_supplies_.corpus.jsonl	123550617	5b9110db21f3a82d56f1f40d5da2d7c65d36de55a61ac3498cb37e2b2478a450	2	5	product_search/garden_supplies_.corpus.jsonl.part-00002	25165716	02358c4d5e9bae48ab28e7d2c78489374eae93e7befb57656e0f0bbad66b798f
sharded	product_search/garden_supplies_.corpus.jsonl	123550617	5b9110db21f3a82d56f1f40d5da2d7c65d36de55a61ac3498cb37e2b2478a450	3	5	product_search/garden_supplies_.corpus.jsonl.part-00003	25165012	7582099bdb66019db08e1710f27109b18c7d3ce6503aacad5aa6a6b445ea94fb
sharded	product_search/garden_supplies_.corpus.jsonl	123550617	5b9110db21f3a82d56f1f40d5da2d7c65d36de55a61ac3498cb37e2b2478a450	4	5	product_search/garden_supplies_.corpus.jsonl.part-00004	25165224	ecd3d94962308bfbb1f6565c0b182dbe4397168532e9cc78b6d75ad579b0cea1
sharded	product_search/garden_supplies_.corpus.jsonl	123550617	5b9110db21f3a82d56f1f40d5da2d7c65d36de55a61ac3498cb37e2b2478a450	5	5	product_search/garden_supplies_.corpus.jsonl.part-00005	22889059	8fc9e33178695b4362c1a7916d650e1bda8009ec4f534424a41407e9ab702dae
file	product_search/garden_supplies_.qrels.test.jsonl	105040	13b7cf07063a03fd01c4714e4ac87059a944164b9021f05ff3dc4bbdfd59b55b	1	1	product_search/garden_supplies_.qrels.test.jsonl	105040	13b7cf07063a03fd01c4714e4ac87059a944164b9021f05ff3dc4bbdfd59b55b
file	product_search/garden_supplies_.queries.test.jsonl	49588	d8282fb03eb3add0c99ecdbbc4765668779905cd73f38a6d508dd92c13654e21	1	1	product_search/garden_supplies_.queries.test.jsonl	49588	d8282fb03eb3add0c99ecdbbc4765668779905cd73f38a6d508dd92c13654e21
sharded	product_search/gift_items_searc.corpus.jsonl	122621018	3c4f5d6147f5a3069c225fa1ead5a67cdc8a4b202df13086af63be2ad1edeea0	1	5	product_search/gift_items_searc.corpus.jsonl.part-00001	25165246	af146941064610cbd3b18ababa87e88b1100e9d74ab920b641da6474ff30eaeb
sharded	product_search/gift_items_searc.corpus.jsonl	122621018	3c4f5d6147f5a3069c225fa1ead5a67cdc8a4b202df13086af63be2ad1edeea0	2	5	product_search/gift_items_searc.corpus.jsonl.part-00002	25165433	a9e3072cb0c885976c2aab4b2375a993b3d78f0dee1818906893661fc2423ec9
sharded	product_search/gift_items_searc.corpus.jsonl	122621018	3c4f5d6147f5a3069c225fa1ead5a67cdc8a4b202df13086af63be2ad1edeea0	3	5	product_search/gift_items_searc.corpus.jsonl.part-00003	25165655	34c718d22193dadf0cb6142fd84c72b2db19eb7333de0aacbf786cd012c0796f
sharded	product_search/gift_items_searc.corpus.jsonl	122621018	3c4f5d6147f5a3069c225fa1ead5a67cdc8a4b202df13086af63be2ad1edeea0	4	5	product_search/gift_items_searc.corpus.jsonl.part-00004	25165347	f8f686ff55561ad16b645ea9bc0f434a5c23b9fbe0eddb6dcf23cd9101851d80
sharded	product_search/gift_items_searc.corpus.jsonl	122621018	3c4f5d6147f5a3069c225fa1ead5a67cdc8a4b202df13086af63be2ad1edeea0	5	5	product_search/gift_items_searc.corpus.jsonl.part-00005	21959337	ca88f1ee3a52c735be77aa97e29718529e9163d6f046c0a9e1654d2f56a5305f
file	product_search/gift_items_searc.qrels.test.jsonl	237266	7ed9cacbee2c45a2cdd5ee5e54f09f549fc1b4204e32d4b851b259aa708750ae	1	1	product_search/gift_items_searc.qrels.test.jsonl	237266	7ed9cacbee2c45a2cdd5ee5e54f09f549fc1b4204e32d4b851b259aa708750ae
file	product_search/gift_items_searc.queries.test.jsonl	48238	dde42ebb0d3b04103824ec4938571382df78d9d08d1d686e229a5cdb1f37aea5	1	1	product_search/gift_items_searc.queries.test.jsonl	48238	dde42ebb0d3b04103824ec4938571382df78d9d08d1d686e229a5cdb1f37aea5
sharded	product_search/grocery_search.corpus.jsonl	90376401	cb225653b9e085468824c1432a4f03fcd37d42f2231f890ccba74162f28da8d2	1	4	product_search/grocery_search.corpus.jsonl.part-00001	25165507	1801d55610e8ecb152452c6149d38994fefb7f67c29cc2ad452d4d8d8b2cca42
sharded	product_search/grocery_search.corpus.jsonl	90376401	cb225653b9e085468824c1432a4f03fcd37d42f2231f890ccba74162f28da8d2	2	4	product_search/grocery_search.corpus.jsonl.part-00002	25165603	f03ff324d58a800a108ce7b93219ee2991e5240c0c80abe2c929b68d2e3011ea
sharded	product_search/grocery_search.corpus.jsonl	90376401	cb225653b9e085468824c1432a4f03fcd37d42f2231f890ccba74162f28da8d2	3	4	product_search/grocery_search.corpus.jsonl.part-00003	25165373	ef4103878d0107e27126b2d4abdae6a7163d5746bb101e744df01047f05afba1
sharded	product_search/grocery_search.corpus.jsonl	90376401	cb225653b9e085468824c1432a4f03fcd37d42f2231f890ccba74162f28da8d2	4	4	product_search/grocery_search.corpus.jsonl.part-00004	14879918	e6cec88f33e4fbbe198c7784f1521ce7d508da564caaa3688b9819f1fc08e82e
file	product_search/grocery_search.qrels.test.jsonl	106405	17dd5307ed427d9fad7df25360c1e2379d26b1cb48f791404139ca761da2f0ec	1	1	product_search/grocery_search.qrels.test.jsonl	106405	17dd5307ed427d9fad7df25360c1e2379d26b1cb48f791404139ca761da2f0ec
file	product_search/grocery_search.queries.test.jsonl	48163	4c96c84a944c04911216aed840f41e05afd319120be3c901b497c7b7218b6196	1	1	product_search/grocery_search.queries.test.jsonl	48163	4c96c84a944c04911216aed840f41e05afd319120be3c901b497c7b7218b6196
sharded	product_search/health_products_.corpus.jsonl	130490271	9f42eba678ae87410e2a333829504fbdca9daa8f5d61d8ee90104edd8ade745b	1	6	product_search/health_products_.corpus.jsonl.part-00001	25165818	4929914b6b57bd7b6f36046164b960fed4c0546b47bef1008f8619969a8e589f
sharded	product_search/health_products_.corpus.jsonl	130490271	9f42eba678ae87410e2a333829504fbdca9daa8f5d61d8ee90104edd8ade745b	2	6	product_search/health_products_.corpus.jsonl.part-00002	25165526	32026e3a73f000f415676b189a38b8124ab74cffb586eef93dd1838e8c425f0c
sharded	product_search/health_products_.corpus.jsonl	130490271	9f42eba678ae87410e2a333829504fbdca9daa8f5d61d8ee90104edd8ade745b	3	6	product_search/health_products_.corpus.jsonl.part-00003	25165507	23c5a3b86f9084e69c32109b59b2603d2de8d8136467a8d9fc2dad3de4affebf
sharded	product_search/health_products_.corpus.jsonl	130490271	9f42eba678ae87410e2a333829504fbdca9daa8f5d61d8ee90104edd8ade745b	4	6	product_search/health_products_.corpus.jsonl.part-00004	25165800	0ad527b7334dbb23a2bad03f09f0695c4d3f0ccff28071e3c19ac39f258199f0
sharded	product_search/health_products_.corpus.jsonl	130490271	9f42eba678ae87410e2a333829504fbdca9daa8f5d61d8ee90104edd8ade745b	5	6	product_search/health_products_.corpus.jsonl.part-00005	25165158	32dbde375b7f00a8a4881e69dbe14f293922b0bfb8cbfb8b079195789df949bb
sharded	product_search/health_products_.corpus.jsonl	130490271	9f42eba678ae87410e2a333829504fbdca9daa8f5d61d8ee90104edd8ade745b	6	6	product_search/health_products_.corpus.jsonl.part-00006	4662462	475f68a49b1d6b80332a4fa8510fb55dba59f88efd9ff3177f5115c6a4f85729
file	product_search/health_products_.qrels.test.jsonl	211358	d9652473163a756ecfa770026de8f6de16f2ff928b618131a449c4bd8cc43a79	1	1	product_search/health_products_.qrels.test.jsonl	211358	d9652473163a756ecfa770026de8f6de16f2ff928b618131a449c4bd8cc43a79
file	product_search/health_products_.queries.test.jsonl	47567	b0a6f6ebc01d8a6b8b64c61cf4959d44a4e3454ee9e74fb233c6f61eb75d7ef9	1	1	product_search/health_products_.queries.test.jsonl	47567	b0a6f6ebc01d8a6b8b64c61cf4959d44a4e3454ee9e74fb233c6f61eb75d7ef9
sharded	product_search/home_appliances_.corpus.jsonl	124509390	69da72d5c9d9eb61e13b668cede1039a139b2bb56cd76a503f3bcb52e5c165a2	1	5	product_search/home_appliances_.corpus.jsonl.part-00001	25165047	ae8f57cad15f5c0736056ce66cd23b8f27765c41cfcf97d0e2d315205d89662b
sharded	product_search/home_appliances_.corpus.jsonl	124509390	69da72d5c9d9eb61e13b668cede1039a139b2bb56cd76a503f3bcb52e5c165a2	2	5	product_search/home_appliances_.corpus.jsonl.part-00002	25165487	907f559d44e04c3a2e42f866e63432fb46cdca950fc87b3e7d248ef8d990bbc4
sharded	product_search/home_appliances_.corpus.jsonl	124509390	69da72d5c9d9eb61e13b668cede1039a139b2bb56cd76a503f3bcb52e5c165a2	3	5	product_search/home_appliances_.corpus.jsonl.part-00003	25165797	1621b22111bd2c7e8c6f72e795d7efe411e5de4ed6f97f532807e99fec33d5e4
sharded	product_search/home_appliances_.corpus.jsonl	124509390	69da72d5c9d9eb61e13b668cede1039a139b2bb56cd76a503f3bcb52e5c165a2	4	5	product_search/home_appliances_.corpus.jsonl.part-00004	25165776	8a9c2635f04345f192b683e3553f2318b528fc7ecef8e629dcbb114d4cd05427
sharded	product_search/home_appliances_.corpus.jsonl	124509390	69da72d5c9d9eb61e13b668cede1039a139b2bb56cd76a503f3bcb52e5c165a2	5	5	product_search/home_appliances_.corpus.jsonl.part-00005	23847283	a9738bcc9c4d1c2cbf02bc2a2cdb83a95960f56fc54bf1725614a303f674f85d
file	product_search/home_appliances_.qrels.test.jsonl	108701	7ba5870c7e0ef506a46692932d81b099bd74b52ef39e1215a7b3804f07b17c0f	1	1	product_search/home_appliances_.qrels.test.jsonl	108701	7ba5870c7e0ef506a46692932d81b099bd74b52ef39e1215a7b3804f07b17c0f
file	product_search/home_appliances_.queries.test.jsonl	47608	57548ee0a654255e412269707685625030b25c61bf161f1d34e2d0cf7d86c768	1	1	product_search/home_appliances_.queries.test.jsonl	47608	57548ee0a654255e412269707685625030b25c61bf161f1d34e2d0cf7d86c768
sharded	product_search/hotel_and_travel.corpus.jsonl	135974913	6bef74af1e5029e30d742a12d42371883b41cdbe735a69519bf691ce75da6855	1	6	product_search/hotel_and_travel.corpus.jsonl.part-00001	25165504	ba42f024bf2781987720d1c07e2bf837c82150641fc07d42cbb319b92412ea68
sharded	product_search/hotel_and_travel.corpus.jsonl	135974913	6bef74af1e5029e30d742a12d42371883b41cdbe735a69519bf691ce75da6855	2	6	product_search/hotel_and_travel.corpus.jsonl.part-00002	25165568	9493e78547968babd973f1cf5975bd9f63f78e965710c1bc5f91b864f860308b
sharded	product_search/hotel_and_travel.corpus.jsonl	135974913	6bef74af1e5029e30d742a12d42371883b41cdbe735a69519bf691ce75da6855	3	6	product_search/hotel_and_travel.corpus.jsonl.part-00003	25165765	afe1f32f29fc0afe55eff5f2a21aeadea9d3eef537d460ff1477fbe9d600268c
sharded	product_search/hotel_and_travel.corpus.jsonl	135974913	6bef74af1e5029e30d742a12d42371883b41cdbe735a69519bf691ce75da6855	4	6	product_search/hotel_and_travel.corpus.jsonl.part-00004	25165343	42cfe591fa3f3b12bdd63ee68619a445bdf8e9724d462c0fb8e3a81037f249a8
sharded	product_search/hotel_and_travel.corpus.jsonl	135974913	6bef74af1e5029e30d742a12d42371883b41cdbe735a69519bf691ce75da6855	5	6	product_search/hotel_and_travel.corpus.jsonl.part-00005	25165656	891acbc35279f96ff2c914e9741cf48ba1e18b0e8a71a3db4bd96026bc5daa8f
sharded	product_search/hotel_and_travel.corpus.jsonl	135974913	6bef74af1e5029e30d742a12d42371883b41cdbe735a69519bf691ce75da6855	6	6	product_search/hotel_and_travel.corpus.jsonl.part-00006	10147077	4bee1d10f2a269838ff4f8a2e62bf08f37ccf75b6e8a6bffac90492b51492f55
file	product_search/hotel_and_travel.qrels.test.jsonl	174321	ed9faa033d93ea62971ec750a2ec00a1f917d91b81dd8354d2c592577765b932	1	1	product_search/hotel_and_travel.qrels.test.jsonl	174321	ed9faa033d93ea62971ec750a2ec00a1f917d91b81dd8354d2c592577765b932
file	product_search/hotel_and_travel.queries.test.jsonl	46831	d697ee15ad76eb049d43eceedb8e952219e128e48757be9f8f5df69b043b90a3	1	1	product_search/hotel_and_travel.queries.test.jsonl	46831	d697ee15ad76eb049d43eceedb8e952219e128e48757be9f8f5df69b043b90a3
sharded	product_search/jewelry_search.corpus.jsonl	114632723	90971e3e2fe1b313fc7788bc6b8fb699638ceeabbf8f4adf914c12be3769e648	1	5	product_search/jewelry_search.corpus.jsonl.part-00001	25165323	c7aa6127a35a653b51194c37bc1cbe5002aea955efc5f2f38b49e30249dabc20
sharded	product_search/jewelry_search.corpus.jsonl	114632723	90971e3e2fe1b313fc7788bc6b8fb699638ceeabbf8f4adf914c12be3769e648	2	5	product_search/jewelry_search.corpus.jsonl.part-00002	25165158	6c193de715f224a2a9d3610bfbf11917b8eff0db2c9c5d21eedd09212bcb5ef4
sharded	product_search/jewelry_search.corpus.jsonl	114632723	90971e3e2fe1b313fc7788bc6b8fb699638ceeabbf8f4adf914c12be3769e648	3	5	product_search/jewelry_search.corpus.jsonl.part-00003	25165134	e986dcbbb97f543c7590940bb59039ac151574b1061d3986a447c8028233a824
sharded	product_search/jewelry_search.corpus.jsonl	114632723	90971e3e2fe1b313fc7788bc6b8fb699638ceeabbf8f4adf914c12be3769e648	4	5	product_search/jewelry_search.corpus.jsonl.part-00004	25165687	cf8941fbf521e617c89ef8479aea9664743ca6e17a7cd2c3aaa96c8b5fd09f37
sharded	product_search/jewelry_search.corpus.jsonl	114632723	90971e3e2fe1b313fc7788bc6b8fb699638ceeabbf8f4adf914c12be3769e648	5	5	product_search/jewelry_search.corpus.jsonl.part-00005	13971421	ac68e7d83a730082b55265db1b38b7938a13fd01b3b04d971a994f272289adec
file	product_search/jewelry_search.qrels.test.jsonl	127526	89aba71da32237761a44b6ced70e2e90d48a35e716cb1f458811a6158eff5746	1	1	product_search/jewelry_search.qrels.test.jsonl	127526	89aba71da32237761a44b6ced70e2e90d48a35e716cb1f458811a6158eff5746
file	product_search/jewelry_search.queries.test.jsonl	46470	d9b8cbced83abe6ccdf617f7a8faa3574f36fbcdc58dcf11032216f42994a676	1	1	product_search/jewelry_search.queries.test.jsonl	46470	d9b8cbced83abe6ccdf617f7a8faa3574f36fbcdc58dcf11032216f42994a676
sharded	product_search/junior_wearables.corpus.jsonl	112170841	cf848c6de8c41cfb61947644d1064059351ee34c0dc44c07a743fb69191450b8	1	5	product_search/junior_wearables.corpus.jsonl.part-00001	25165384	4feccab32f4562dbd93a32df9caa0c008e473128b451c7e419a82dadc0aeb8cd
sharded	product_search/junior_wearables.corpus.jsonl	112170841	cf848c6de8c41cfb61947644d1064059351ee34c0dc44c07a743fb69191450b8	2	5	product_search/junior_wearables.corpus.jsonl.part-00002	25165234	8629309f341fe1f2f6c4f98a01c0ffd495c2655d23ce3551dcac2e9c3d146d32
sharded	product_search/junior_wearables.corpus.jsonl	112170841	cf848c6de8c41cfb61947644d1064059351ee34c0dc44c07a743fb69191450b8	3	5	product_search/junior_wearables.corpus.jsonl.part-00003	25165776	6aa7b5bcfff8c0acace798081da8c89c55e7dfce3236b536fa672868d418307d
sharded	product_search/junior_wearables.corpus.jsonl	112170841	cf848c6de8c41cfb61947644d1064059351ee34c0dc44c07a743fb69191450b8	4	5	product_search/junior_wearables.corpus.jsonl.part-00004	25165622	d935c50cf29b25557b17d4adce24c99de5f2e44eed3e2a9f2d1977415742e858
sharded	product_search/junior_wearables.corpus.jsonl	112170841	cf848c6de8c41cfb61947644d1064059351ee34c0dc44c07a743fb69191450b8	5	5	product_search/junior_wearables.corpus.jsonl.part-00005	11508825	ff3178b889943606dbf5b56cc227ccbbdcf6fbc14b95ae909f69952b5b2b6445
file	product_search/junior_wearables.qrels.test.jsonl	201042	60d1ea154476b9ffd0e6b581b96c701491c2615dba59ceb8388b631d1b0a3790	1	1	product_search/junior_wearables.qrels.test.jsonl	201042	60d1ea154476b9ffd0e6b581b96c701491c2615dba59ceb8388b631d1b0a3790
file	product_search/junior_wearables.queries.test.jsonl	47295	52bca43be8dc74cfb22661e01dd7a1b6588e99d498528d411a8dc515af9948a8	1	1	product_search/junior_wearables.queries.test.jsonl	47295	52bca43be8dc74cfb22661e01dd7a1b6588e99d498528d411a8dc515af9948a8
sharded	product_search/medical_supplies.corpus.jsonl	112808985	6dda2ffda4b154aa6e6d9e9202c570eb642ddaec24de3a7039d8d7c625fc5807	1	5	product_search/medical_supplies.corpus.jsonl.part-00001	25165803	cceae0f5d05f8de5610ccf1cf9cd765305ff6f44f116c4dd55ef0036c9e10667
sharded	product_search/medical_supplies.corpus.jsonl	112808985	6dda2ffda4b154aa6e6d9e9202c570eb642ddaec24de3a7039d8d7c625fc5807	2	5	product_search/medical_supplies.corpus.jsonl.part-00002	25164786	744ada3fca4c4f8f0275c3b0c024292a71f8aef06eb10f946becbacf57d9a808
sharded	product_search/medical_supplies.corpus.jsonl	112808985	6dda2ffda4b154aa6e6d9e9202c570eb642ddaec24de3a7039d8d7c625fc5807	3	5	product_search/medical_supplies.corpus.jsonl.part-00003	25165809	6e456f9d3b45f54ddb1d630e46c296c6c80bdcf422607115950ff546ade69b36
sharded	product_search/medical_supplies.corpus.jsonl	112808985	6dda2ffda4b154aa6e6d9e9202c570eb642ddaec24de3a7039d8d7c625fc5807	4	5	product_search/medical_supplies.corpus.jsonl.part-00004	25165484	4c39c2bed1f34893d5eeda04536579f7cddbd13481b02fc39dbe1e7b571a7725
sharded	product_search/medical_supplies.corpus.jsonl	112808985	6dda2ffda4b154aa6e6d9e9202c570eb642ddaec24de3a7039d8d7c625fc5807	5	5	product_search/medical_supplies.corpus.jsonl.part-00005	12147103	c35484602e77d3f30c2a50695b73073cffe41db46acf95f32191dc31115b3b6d
file	product_search/medical_supplies.qrels.test.jsonl	248971	85b1b1f4f738be2427dc1388533bc31bb3b4c447f40e87d88a7b6dd530ab52bf	1	1	product_search/medical_supplies.qrels.test.jsonl	248971	85b1b1f4f738be2427dc1388533bc31bb3b4c447f40e87d88a7b6dd530ab52bf
file	product_search/medical_supplies.queries.test.jsonl	50142	1931db21fe0d1c3d953935a0e0d75cf68d33d3eca66abd56eb073e7d378adeee	1	1	product_search/medical_supplies.queries.test.jsonl	50142	1931db21fe0d1c3d953935a0e0d75cf68d33d3eca66abd56eb073e7d378adeee
sharded	product_search/mobile_devices_s.corpus.jsonl	114349014	3f59ff8f352d0e54d59367fcf75f43ecb06aa143cc3269ea97eaaf8c17affeb1	1	5	product_search/mobile_devices_s.corpus.jsonl.part-00001	25165357	ad91948dca79edb5877dcdf7cefafb7858d32c4d4213150684268bda2c27bc39
sharded	product_search/mobile_devices_s.corpus.jsonl	114349014	3f59ff8f352d0e54d59367fcf75f43ecb06aa143cc3269ea97eaaf8c17affeb1	2	5	product_search/mobile_devices_s.corpus.jsonl.part-00002	25165298	23fc19efc26ed294f121e7e9b80bc5cb847096e5c34201ed537b3dac23eaf68e
sharded	product_search/mobile_devices_s.corpus.jsonl	114349014	3f59ff8f352d0e54d59367fcf75f43ecb06aa143cc3269ea97eaaf8c17affeb1	3	5	product_search/mobile_devices_s.corpus.jsonl.part-00003	25165211	874b998c3fe0645b5863ff92419f6c29e36a2e04c30face44f15cd613a35cfe3
sharded	product_search/mobile_devices_s.corpus.jsonl	114349014	3f59ff8f352d0e54d59367fcf75f43ecb06aa143cc3269ea97eaaf8c17affeb1	4	5	product_search/mobile_devices_s.corpus.jsonl.part-00004	25165240	e9d057bdcd198cd2444608e6bcde88457ce2319d77a4650298228e20a12022cc
sharded	product_search/mobile_devices_s.corpus.jsonl	114349014	3f59ff8f352d0e54d59367fcf75f43ecb06aa143cc3269ea97eaaf8c17affeb1	5	5	product_search/mobile_devices_s.corpus.jsonl.part-00005	13687908	f450598d970cb12b237795fe6a975d610233f93a695385c0b44bcad90129e4b4
file	product_search/mobile_devices_s.qrels.test.jsonl	84346	ccdaa66af77c3a0cc29d8a1d0beecc9b5cf371a386d2a0388f26abded01ac27d	1	1	product_search/mobile_devices_s.qrels.test.jsonl	84346	ccdaa66af77c3a0cc29d8a1d0beecc9b5cf371a386d2a0388f26abded01ac27d
file	product_search/mobile_devices_s.queries.test.jsonl	52837	37388b811e242ce803ea8ee944e5b5a88112c573358a1643df972dd50a0b7ebf	1	1	product_search/mobile_devices_s.queries.test.jsonl	52837	37388b811e242ce803ea8ee944e5b5a88112c573358a1643df972dd50a0b7ebf
sharded	product_search/music_and_videos.corpus.jsonl	100993820	b077f300f6dadae1cd7d3cb59d98c595cb1b59aafb6f953b1997afe1592930d9	1	5	product_search/music_and_videos.corpus.jsonl.part-00001	25165644	c058dcdd1d0389475e7d07e68217079a8c0b6f418b38ab296104a1ef8c2098e7
sharded	product_search/music_and_videos.corpus.jsonl	100993820	b077f300f6dadae1cd7d3cb59d98c595cb1b59aafb6f953b1997afe1592930d9	2	5	product_search/music_and_videos.corpus.jsonl.part-00002	25165529	ac5b965d72f27a9438741175a5bfffd90c0e3300cdda314cc1c43382c9e034fa
sharded	product_search/music_and_videos.corpus.jsonl	100993820	b077f300f6dadae1cd7d3cb59d98c595cb1b59aafb6f953b1997afe1592930d9	3	5	product_search/music_and_videos.corpus.jsonl.part-00003	25165574	94db986d2b6dfd57cf571e806b5dc3101e2099b9286015d0405b6c16c4e680ff
sharded	product_search/music_and_videos.corpus.jsonl	100993820	b077f300f6dadae1cd7d3cb59d98c595cb1b59aafb6f953b1997afe1592930d9	4	5	product_search/music_and_videos.corpus.jsonl.part-00004	25165797	15d006d6a076b63fbf994befb7120cea47d02f571b752395de31a33910f32a82
sharded	product_search/music_and_videos.corpus.jsonl	100993820	b077f300f6dadae1cd7d3cb59d98c595cb1b59aafb6f953b1997afe1592930d9	5	5	product_search/music_and_videos.corpus.jsonl.part-00005	331276	96e7ff9c2cf7407a3e32487d8c54f6a8dde236c00870ff5873305467403b290a
file	product_search/music_and_videos.qrels.test.jsonl	142452	08cca74f63c446f574313ab33504438178a7ac7cf42c8f4ebd4d57b399e0f471	1	1	product_search/music_and_videos.qrels.test.jsonl	142452	08cca74f63c446f574313ab33504438178a7ac7cf42c8f4ebd4d57b399e0f471
file	product_search/music_and_videos.queries.test.jsonl	44853	231af00c0c45651c820a9c01adbfecdbb900eb9b706a30ea2c5a9e4ca97ccb8f	1	1	product_search/music_and_videos.queries.test.jsonl	44853	231af00c0c45651c820a9c01adbfecdbb900eb9b706a30ea2c5a9e4ca97ccb8f
sharded	product_search/office_supplies_.corpus.jsonl	102443615	f1b0d4ced9664f3f927b6ef37197b5f067ef09f7b0bc9b9883623ac6ef24696f	1	5	product_search/office_supplies_.corpus.jsonl.part-00001	25165631	6361de86a9ec27bcc6d36b3c2a35a269615eaf121ba0306e87a5f29970b97308
sharded	product_search/office_supplies_.corpus.jsonl	102443615	f1b0d4ced9664f3f927b6ef37197b5f067ef09f7b0bc9b9883623ac6ef24696f	2	5	product_search/office_supplies_.corpus.jsonl.part-00002	25165230	d6b557704181ae7547bb4e931b79725634618dcbef61fb673664444ceb97b6d0
sharded	product_search/office_supplies_.corpus.jsonl	102443615	f1b0d4ced9664f3f927b6ef37197b5f067ef09f7b0bc9b9883623ac6ef24696f	3	5	product_search/office_supplies_.corpus.jsonl.part-00003	25165474	144a7e250de4baf5e6d145c697c0382ab99a73e6f92b453afd03719162a2ab5c
sharded	product_search/office_supplies_.corpus.jsonl	102443615	f1b0d4ced9664f3f927b6ef37197b5f067ef09f7b0bc9b9883623ac6ef24696f	4	5	product_search/office_supplies_.corpus.jsonl.part-00004	25165417	02d2f768f3397648f414cc7f640aab69d74dd2b5b87fbcfc133aaf6ead5dabc7
sharded	product_search/office_supplies_.corpus.jsonl	102443615	f1b0d4ced9664f3f927b6ef37197b5f067ef09f7b0bc9b9883623ac6ef24696f	5	5	product_search/office_supplies_.corpus.jsonl.part-00005	1781863	6d516baabd523d72c7010a5e0391f34833e692ec2605a71f4d00de690da2259b
file	product_search/office_supplies_.qrels.test.jsonl	192842	73ba7bf790189e92fc76ed40915e2a07fe1bca205c7fb4bb91c1498dec942ea3	1	1	product_search/office_supplies_.qrels.test.jsonl	192842	73ba7bf790189e92fc76ed40915e2a07fe1bca205c7fb4bb91c1498dec942ea3
file	product_search/office_supplies_.queries.test.jsonl	49141	2175fe0c46af961dd7e867dc28d1a142a83a1bc8a0f543879645709230ff457c	1	1	product_search/office_supplies_.queries.test.jsonl	49141	2175fe0c46af961dd7e867dc28d1a142a83a1bc8a0f543879645709230ff457c
sharded	product_search/pet_supplies_sea.corpus.jsonl	118497305	0d1ac4c02d8233ad1b2ac56dd1d1ee95fe28f49a83af2249a442b771936a5218	1	5	product_search/pet_supplies_sea.corpus.jsonl.part-00001	25165521	56b95f7bddfb68933312984b70f0649e4eaebf13c600eceb8e85ded23092cf22
sharded	product_search/pet_supplies_sea.corpus.jsonl	118497305	0d1ac4c02d8233ad1b2ac56dd1d1ee95fe28f49a83af2249a442b771936a5218	2	5	product_search/pet_supplies_sea.corpus.jsonl.part-00002	25165008	47d778d251e617d080e43916471df7bc21258d9754ef19a5d4a56c2d775fc6b6
sharded	product_search/pet_supplies_sea.corpus.jsonl	118497305	0d1ac4c02d8233ad1b2ac56dd1d1ee95fe28f49a83af2249a442b771936a5218	3	5	product_search/pet_supplies_sea.corpus.jsonl.part-00003	25165380	db3867e6e21083f118cdfa8e6acd39e8381844b0ebafdd00e8b216b03fee8acf
sharded	product_search/pet_supplies_sea.corpus.jsonl	118497305	0d1ac4c02d8233ad1b2ac56dd1d1ee95fe28f49a83af2249a442b771936a5218	4	5	product_search/pet_supplies_sea.corpus.jsonl.part-00004	25165792	1625f85be70b1c7d17a07b5bc33d1d574cc2770d9a277a288510957a05ce0e3f
sharded	product_search/pet_supplies_sea.corpus.jsonl	118497305	0d1ac4c02d8233ad1b2ac56dd1d1ee95fe28f49a83af2249a442b771936a5218	5	5	product_search/pet_supplies_sea.corpus.jsonl.part-00005	17835604	893eaa55f21793c959dbabd4f0c971414e312811d4d7425b1c6839c135e53977
file	product_search/pet_supplies_sea.qrels.test.jsonl	171655	5146deae426933653a7b5f7e0d388c1e7c419395a1d21864f856a66ea25ddfa3	1	1	product_search/pet_supplies_sea.qrels.test.jsonl	171655	5146deae426933653a7b5f7e0d388c1e7c419395a1d21864f856a66ea25ddfa3
file	product_search/pet_supplies_sea.queries.test.jsonl	50220	21f4cb34007549a56f36064c97807bbb75163adf52c7ab19e4f9f7ea912c5c98	1	1	product_search/pet_supplies_sea.queries.test.jsonl	50220	21f4cb34007549a56f36064c97807bbb75163adf52c7ab19e4f9f7ea912c5c98
sharded	product_search/real_estate_sear.corpus.jsonl	101221991	0dcc7acaf9aaa0643f46d0d6ed702d5aef713e4b8a74a18ef3cf842baa99c5b0	1	5	product_search/real_estate_sear.corpus.jsonl.part-00001	25165729	6cb615ccc2dea99a60e4276b4704ed7808017c70b0ff7a04f24dcda663354874
sharded	product_search/real_estate_sear.corpus.jsonl	101221991	0dcc7acaf9aaa0643f46d0d6ed702d5aef713e4b8a74a18ef3cf842baa99c5b0	2	5	product_search/real_estate_sear.corpus.jsonl.part-00002	25165271	cba947b3c3c87b3ef29fb928a4147fae47271b7903ee6683c6270cfa07193eea
sharded	product_search/real_estate_sear.corpus.jsonl	101221991	0dcc7acaf9aaa0643f46d0d6ed702d5aef713e4b8a74a18ef3cf842baa99c5b0	3	5	product_search/real_estate_sear.corpus.jsonl.part-00003	25165081	304d590eda5af50b19cda53e9df14ade9d060b1a6f29f7fee55fcdf7d52e6273
sharded	product_search/real_estate_sear.corpus.jsonl	101221991	0dcc7acaf9aaa0643f46d0d6ed702d5aef713e4b8a74a18ef3cf842baa99c5b0	4	5	product_search/real_estate_sear.corpus.jsonl.part-00004	25165802	7ecc33b516b84943d8d1fce3f9733b8355aa6012cfd353a76af435d24d3a4162
sharded	product_search/real_estate_sear.corpus.jsonl	101221991	0dcc7acaf9aaa0643f46d0d6ed702d5aef713e4b8a74a18ef3cf842baa99c5b0	5	5	product_search/real_estate_sear.corpus.jsonl.part-00005	560108	b451b26a300ea99fb56163c661c68be24d6e1be21971a93a0b525eaf9663dcf0
file	product_search/real_estate_sear.qrels.test.jsonl	192807	704e0fb06715c399b88de8112e41808a807aae7d43012fca2558126ca2f144f3	1	1	product_search/real_estate_sear.qrels.test.jsonl	192807	704e0fb06715c399b88de8112e41808a807aae7d43012fca2558126ca2f144f3
file	product_search/real_estate_sear.queries.test.jsonl	50627	a1a8917fa0c4f0bd06389790f68b26d3560b7d6da62edd8cc3824fca076c17b6	1	1	product_search/real_estate_sear.queries.test.jsonl	50627	a1a8917fa0c4f0bd06389790f68b26d3560b7d6da62edd8cc3824fca076c17b6
sharded	product_search/restaurant_searc.corpus.jsonl	121452410	e51277591cec550c26254508123da381b654a906bdd813ddec3e456885379ff1	1	5	product_search/restaurant_searc.corpus.jsonl.part-00001	25164884	e1b2455ebc06767c52c5697c342b7f7ec7c19042ecfb5c9b8f350bf92006c3d3
sharded	product_search/restaurant_searc.corpus.jsonl	121452410	e51277591cec550c26254508123da381b654a906bdd813ddec3e456885379ff1	2	5	product_search/restaurant_searc.corpus.jsonl.part-00002	25165420	ae483f12bfd9228e56ea2103e067fdf4351e8c956183db64a54dec1c6265a62a
sharded	product_search/restaurant_searc.corpus.jsonl	121452410	e51277591cec550c26254508123da381b654a906bdd813ddec3e456885379ff1	3	5	product_search/restaurant_searc.corpus.jsonl.part-00003	25165423	27b46bfc78038df5f2966da0243f85013723ac1d4a1d7d23742af03213e032bf
sharded	product_search/restaurant_searc.corpus.jsonl	121452410	e51277591cec550c26254508123da381b654a906bdd813ddec3e456885379ff1	4	5	product_search/restaurant_searc.corpus.jsonl.part-00004	25165617	7ac04ae4093c5d7bfa03ce0b506a8d95bc2f04f00531d6f4888c228a8f59c22d
sharded	product_search/restaurant_searc.corpus.jsonl	121452410	e51277591cec550c26254508123da381b654a906bdd813ddec3e456885379ff1	5	5	product_search/restaurant_searc.corpus.jsonl.part-00005	20791066	95a4e3126932d77ecaf358f15e0c640cbee820e8741cfe6259cc1f3eb60d9ff9
file	product_search/restaurant_searc.qrels.test.jsonl	125079	7ea56e35da065ae60a2d45b818f2a70d40233a55a968b674b6c85a8a8d9016b1	1	1	product_search/restaurant_searc.qrels.test.jsonl	125079	7ea56e35da065ae60a2d45b818f2a70d40233a55a968b674b6c85a8a8d9016b1
file	product_search/restaurant_searc.queries.test.jsonl	49253	3890b097aa338eecd30073918cb5dde792383cf2c288f931c45b531de3acfa7a	1	1	product_search/restaurant_searc.queries.test.jsonl	49253	3890b097aa338eecd30073918cb5dde792383cf2c288f931c45b531de3acfa7a
sharded	product_search/smart_devices_se.corpus.jsonl	122769823	fc6d3d557af4745a2f67f3a35f6f3c7dd0faae29822718e8798693b5252efebf	1	5	product_search/smart_devices_se.corpus.jsonl.part-00001	25165070	dd8c616b9b30fe5629fdbfd0f19745f2214ae36dbe6cc4be5783be8dadeb98a1
sharded	product_search/smart_devices_se.corpus.jsonl	122769823	fc6d3d557af4745a2f67f3a35f6f3c7dd0faae29822718e8798693b5252efebf	2	5	product_search/smart_devices_se.corpus.jsonl.part-00002	25165191	5587da03d67d7fd2d5b9177ee87ce707beb20949baeaadc860ea6f6facfc8c93
sharded	product_search/smart_devices_se.corpus.jsonl	122769823	fc6d3d557af4745a2f67f3a35f6f3c7dd0faae29822718e8798693b5252efebf	3	5	product_search/smart_devices_se.corpus.jsonl.part-00003	25165653	e3e7f5c210fd178e66491e4e3da9a11b7f98d3ae5b5cb637e7f69ee68d985a5e
sharded	product_search/smart_devices_se.corpus.jsonl	122769823	fc6d3d557af4745a2f67f3a35f6f3c7dd0faae29822718e8798693b5252efebf	4	5	product_search/smart_devices_se.corpus.jsonl.part-00004	25165388	b6a5eba0faadd59164c366e8d0c1a4297ebe63d53e1a4e81cdef7ce140c03c7d
sharded	product_search/smart_devices_se.corpus.jsonl	122769823	fc6d3d557af4745a2f67f3a35f6f3c7dd0faae29822718e8798693b5252efebf	5	5	product_search/smart_devices_se.corpus.jsonl.part-00005	22108521	6d89d88409c748eaa3bc86f3c5e7d1b26838736065896e2608996efdc4c05dcf
file	product_search/smart_devices_se.qrels.test.jsonl	198038	d3164fdfecff4b848d4c9daf98e6c4b352e8112a1a4f8162c872eb6c18afd5b3	1	1	product_search/smart_devices_se.qrels.test.jsonl	198038	d3164fdfecff4b848d4c9daf98e6c4b352e8112a1a4f8162c872eb6c18afd5b3
file	product_search/smart_devices_se.queries.test.jsonl	45177	4146ceb17a318dd012e5864c50ca730d26788020726831fed9f69e2c2d1ca1fc	1	1	product_search/smart_devices_se.queries.test.jsonl	45177	4146ceb17a318dd012e5864c50ca730d26788020726831fed9f69e2c2d1ca1fc
sharded	product_search/software_product.corpus.jsonl	123884036	53832d5d9126c4463492c64d633fd38dfacbed0ea7d311358712f4ddbd28505d	1	5	product_search/software_product.corpus.jsonl.part-00001	25165542	ea3b11a3308695e9de21324526fdf9ce527bbceb98da68679a32dff115fab2ba
sharded	product_search/software_product.corpus.jsonl	123884036	53832d5d9126c4463492c64d633fd38dfacbed0ea7d311358712f4ddbd28505d	2	5	product_search/software_product.corpus.jsonl.part-00002	25164880	e40a575d8ea662fcdbe0709f3c53304928bdd6a4d9a2f6b444fb79ac205aefe5
sharded	product_search/software_product.corpus.jsonl	123884036	53832d5d9126c4463492c64d633fd38dfacbed0ea7d311358712f4ddbd28505d	3	5	product_search/software_product.corpus.jsonl.part-00003	25165691	26c86463a19e35862dd5a7bf9b04e93ed631a35ae53ee6d019d893d742d98592
sharded	product_search/software_product.corpus.jsonl	123884036	53832d5d9126c4463492c64d633fd38dfacbed0ea7d311358712f4ddbd28505d	4	5	product_search/software_product.corpus.jsonl.part-00004	25165307	9bca7ae86151b331de45c4522ff6860f7a84110cf8900abf452394c2fd92583e
sharded	product_search/software_product.corpus.jsonl	123884036	53832d5d9126c4463492c64d633fd38dfacbed0ea7d311358712f4ddbd28505d	5	5	product_search/software_product.corpus.jsonl.part-00005	23222616	ed938780b42f6d6a665ba555a081965e874f0ad6677a589a95f049da70ea4e42
file	product_search/software_product.qrels.test.jsonl	152246	91519cd9a49059e7115234dd07a5b1a4f749f5d6f24d53a6fd36a3162e4560b2	1	1	product_search/software_product.qrels.test.jsonl	152246	91519cd9a49059e7115234dd07a5b1a4f749f5d6f24d53a6fd36a3162e4560b2
file	product_search/software_product.queries.test.jsonl	49756	8e830feed40781ab24f06330ec0e3bccabdaa334c8ef7c7669ea79f103806461	1	1	product_search/software_product.queries.test.jsonl	49756	8e830feed40781ab24f06330ec0e3bccabdaa334c8ef7c7669ea79f103806461
sharded	product_search/sports_equipment.corpus.jsonl	111497630	c270ec923cffcb3cf0db723ce97eca08a7aeffea25c12a06c9a1d773fa16b6f0	1	5	product_search/sports_equipment.corpus.jsonl.part-00001	25164940	e358727e436f67da1169ec2068e9faa46d047ed56a4bbc0cc13574764d29d7bf
sharded	product_search/sports_equipment.corpus.jsonl	111497630	c270ec923cffcb3cf0db723ce97eca08a7aeffea25c12a06c9a1d773fa16b6f0	2	5	product_search/sports_equipment.corpus.jsonl.part-00002	25165795	8a8747e3284d7384215d4ee2aa325d5d93962a6574e1a5ce33343150591c604b
sharded	product_search/sports_equipment.corpus.jsonl	111497630	c270ec923cffcb3cf0db723ce97eca08a7aeffea25c12a06c9a1d773fa16b6f0	3	5	product_search/sports_equipment.corpus.jsonl.part-00003	25165545	d71fcbe4b59dc16aecd6a4db30f40ffebf080b56abffc11ed14a7c0213bfd2e3
sharded	product_search/sports_equipment.corpus.jsonl	111497630	c270ec923cffcb3cf0db723ce97eca08a7aeffea25c12a06c9a1d773fa16b6f0	4	5	product_search/sports_equipment.corpus.jsonl.part-00004	25165043	614b5843cfbad5d505dde686d469974b9eb9b99bc2a21d30d8f04a734c403654
sharded	product_search/sports_equipment.corpus.jsonl	111497630	c270ec923cffcb3cf0db723ce97eca08a7aeffea25c12a06c9a1d773fa16b6f0	5	5	product_search/sports_equipment.corpus.jsonl.part-00005	10836307	42c437fdc4ca811f282c123e68cf9344fe8e4bb94daa597de82bf0d94979a8f2
file	product_search/sports_equipment.qrels.test.jsonl	95369	baa54818c71cc36070f7a1fec0ad9195ec6647b80bcaa979f470a8ba20d5ed0d	1	1	product_search/sports_equipment.qrels.test.jsonl	95369	baa54818c71cc36070f7a1fec0ad9195ec6647b80bcaa979f470a8ba20d5ed0d
file	product_search/sports_equipment.queries.test.jsonl	44470	d95d65a8d2c535895cc212503fdedb6e4366f13f23078c7d24cbf722ada672e9	1	1	product_search/sports_equipment.queries.test.jsonl	44470	d95d65a8d2c535895cc212503fdedb6e4366f13f23078c7d24cbf722ada672e9
sharded	product_search/tools_and_hardwa.corpus.jsonl	118712699	59ce9143629580b66b205437995a9d70e513db62c838493ab8a0733ebdbd1830	1	5	product_search/tools_and_hardwa.corpus.jsonl.part-00001	25165759	176b4b8add49f06c074ebb6206b38d36f134fe3b2625402e93660989cf4fe1f1
sharded	product_search/tools_and_hardwa.corpus.jsonl	118712699	59ce9143629580b66b205437995a9d70e513db62c838493ab8a0733ebdbd1830	2	5	product_search/tools_and_hardwa.corpus.jsonl.part-00002	25165330	c2ae353a48e4030a15077aaf391e81dd66e15c09cd891415653d64722c4f6558
sharded	product_search/tools_and_hardwa.corpus.jsonl	118712699	59ce9143629580b66b205437995a9d70e513db62c838493ab8a0733ebdbd1830	3	5	product_search/tools_and_hardwa.corpus.jsonl.part-00003	25165181	ec6b1cad7b9a8b87fca667dee80a62a89b1ac5b949c10f614aed7fb2a95917fd
sharded	product_search/tools_and_hardwa.corpus.jsonl	118712699	59ce9143629580b66b205437995a9d70e513db62c838493ab8a0733ebdbd1830	4	5	product_search/tools_and_hardwa.corpus.jsonl.part-00004	25165242	03d4214b3db57d4abdb36de3d854d0a06b5873448316127cbc21c7d6d4bae805
sharded	product_search/tools_and_hardwa.corpus.jsonl	118712699	59ce9143629580b66b205437995a9d70e513db62c838493ab8a0733ebdbd1830	5	5	product_search/tools_and_hardwa.corpus.jsonl.part-00005	18051187	dc8022f48943b640876e8e85acc34fd24ad1c626942066d808eea05bbe8b5a23
file	product_search/tools_and_hardwa.qrels.test.jsonl	167767	23df38d512299250c26f471863a1577294c72d773fb62289a462e9844f4f7169	1	1	product_search/tools_and_hardwa.qrels.test.jsonl	167767	23df38d512299250c26f471863a1577294c72d773fb62289a462e9844f4f7169
file	product_search/tools_and_hardwa.queries.test.jsonl	51643	0f03b6eb3cb8eaf69ecfcd948f7845cc1ef3551bc0df902b62019a983811196b	1	1	product_search/tools_and_hardwa.queries.test.jsonl	51643	0f03b6eb3cb8eaf69ecfcd948f7845cc1ef3551bc0df902b62019a983811196b
sharded	product_search/toys_and_games_s.corpus.jsonl	109741492	118079a1751ea2b039fa62afb5c2cdf9708a7583eedce5a784d6f05919b882e3	1	5	product_search/toys_and_games_s.corpus.jsonl.part-00001	25165703	a509217164496379e54e894c59275f48bd923dde1e468538c0a5ad91dac82acd
sharded	product_search/toys_and_games_s.corpus.jsonl	109741492	118079a1751ea2b039fa62afb5c2cdf9708a7583eedce5a784d6f05919b882e3	2	5	product_search/toys_and_games_s.corpus.jsonl.part-00002	25165493	46ce4cfdba01b8b943e57c6ceeb7a14c6a056823ade78079fe4312d5d888ef2e
sharded	product_search/toys_and_games_s.corpus.jsonl	109741492	118079a1751ea2b039fa62afb5c2cdf9708a7583eedce5a784d6f05919b882e3	3	5	product_search/toys_and_games_s.corpus.jsonl.part-00003	25165784	b0ea4dc68ad0ba39e2fac508ac054d1f53dcf76df430511653c75020ef9b0f9b
sharded	product_search/toys_and_games_s.corpus.jsonl	109741492	118079a1751ea2b039fa62afb5c2cdf9708a7583eedce5a784d6f05919b882e3	4	5	product_search/toys_and_games_s.corpus.jsonl.part-00004	25165700	712ead6820cfa4edfaae7aee1b83c3b86337586210a0d0e8c5af9e422998d01f
sharded	product_search/toys_and_games_s.corpus.jsonl	109741492	118079a1751ea2b039fa62afb5c2cdf9708a7583eedce5a784d6f05919b882e3	5	5	product_search/toys_and_games_s.corpus.jsonl.part-00005	9078812	eaeef8339f4e8e7865bc735ebddc495aaa1dc0c2cf52e14becd8362b2146da2a
file	product_search/toys_and_games_s.qrels.test.jsonl	73167	72e686ed866dc2fe21b48e23b094867012ebd4ff1e73ff96a8a356c9ccf1314d	1	1	product_search/toys_and_games_s.qrels.test.jsonl	73167	72e686ed866dc2fe21b48e23b094867012ebd4ff1e73ff96a8a356c9ccf1314d
file	product_search/toys_and_games_s.queries.test.jsonl	48107	9060c050ad91ed2c767abfdffe5248c83e4eea27763d170882340db9381c9d34	1	1	product_search/toys_and_games_s.queries.test.jsonl	48107	9060c050ad91ed2c767abfdffe5248c83e4eea27763d170882340db9381c9d34
sharded	product_search/watches_search.corpus.jsonl	104397924	602f7aa2a0b724c5d2183001aac416e94575fd2b4f7b6850faccc8b655ac5825	1	5	product_search/watches_search.corpus.jsonl.part-00001	25165425	ff852eaf58b6ffc16c4e6338cce4e46e1f5579c8f3e2b4f3491e80ecdc28ebfc
sharded	product_search/watches_search.corpus.jsonl	104397924	602f7aa2a0b724c5d2183001aac416e94575fd2b4f7b6850faccc8b655ac5825	2	5	product_search/watches_search.corpus.jsonl.part-00002	25165729	cd0eb34030c4bab01aa0c08dcea53e3f96ba0f0d43f776f62db810153a26b005
sharded	product_search/watches_search.corpus.jsonl	104397924	602f7aa2a0b724c5d2183001aac416e94575fd2b4f7b6850faccc8b655ac5825	3	5	product_search/watches_search.corpus.jsonl.part-00003	25165680	ec08baa38e33ba79d3045b22938ba6a15836d6b9f5885d287d58dcd3411e84d6
sharded	product_search/watches_search.corpus.jsonl	104397924	602f7aa2a0b724c5d2183001aac416e94575fd2b4f7b6850faccc8b655ac5825	4	5	product_search/watches_search.corpus.jsonl.part-00004	25165620	c580307827ea172f664cfab2a2a37a6f291fc0a2ae7934511163d331cabd5153
sharded	product_search/watches_search.corpus.jsonl	104397924	602f7aa2a0b724c5d2183001aac416e94575fd2b4f7b6850faccc8b655ac5825	5	5	product_search/watches_search.corpus.jsonl.part-00005	3735470	2af834aa3998538b5c9e28e510942ed34a394c09dca8507ff17deb524463bb69
file	product_search/watches_search.qrels.test.jsonl	102637	a35c609aec9e017c713f3c55a4b3c18572d3149fa40da3007d3f920768b9b454	1	1	product_search/watches_search.qrels.test.jsonl	102637	a35c609aec9e017c713f3c55a4b3c18572d3149fa40da3007d3f920768b9b454
file	product_search/watches_search.queries.test.jsonl	50491	23fbaaaa709efc745ca6d7897744429f000017140e205ddf3478f9b89a563f2f	1	1	product_search/watches_search.queries.test.jsonl	50491	23fbaaaa709efc745ca6d7897744429f000017140e205ddf3478f9b89a563f2f
sharded	resume_search/data_science:_re.corpus.jsonl	223869684	98f73467fc69fe3412638b1d5cf37293bcf36b013dcc3cfff8347e71b70f0174	1	9	resume_search/data_science:_re.corpus.jsonl.part-00001	25164364	fa2652e3054a3bb79853bde8d3d508b199d7ebb786e1309fe0b1c09be2822663
sharded	resume_search/data_science:_re.corpus.jsonl	223869684	98f73467fc69fe3412638b1d5cf37293bcf36b013dcc3cfff8347e71b70f0174	2	9	resume_search/data_science:_re.corpus.jsonl.part-00002	25165166	aeb989e741cf2f57dab0a0150fde8776436133d8c8e757697ec0ddfa4c39deeb
sharded	resume_search/data_science:_re.corpus.jsonl	223869684	98f73467fc69fe3412638b1d5cf37293bcf36b013dcc3cfff8347e71b70f0174	3	9	resume_search/data_science:_re.corpus.jsonl.part-00003	25165389	7e410642aef56eebcf0cd6e7717abb11d5e2352dd85d884c1d62795d96ed1213
sharded	resume_search/data_science:_re.corpus.jsonl	223869684	98f73467fc69fe3412638b1d5cf37293bcf36b013dcc3cfff8347e71b70f0174	4	9	resume_search/data_science:_re.corpus.jsonl.part-00004	25164974	8247b65dcca1267bee86fa4f4193596ee2d963e4e47d9f131d12601277fa85f6
sharded	resume_search/data_science:_re.corpus.jsonl	223869684	98f73467fc69fe3412638b1d5cf37293bcf36b013dcc3cfff8347e71b70f0174	5	9	resume_search/data_science:_re.corpus.jsonl.part-00005	25164967	eb3b13a2e0f99cc1ad43a191a1e7b5e82bc62c09276017bc4b53aee0c0c3938f
sharded	resume_search/data_science:_re.corpus.jsonl	223869684	98f73467fc69fe3412638b1d5cf37293bcf36b013dcc3cfff8347e71b70f0174	6	9	resume_search/data_science:_re.corpus.jsonl.part-00006	25164431	064e204dc2c4d348a2fc5ddca0a5191507bc0a8911ee5af00442176780e3f424
sharded	resume_search/data_science:_re.corpus.jsonl	223869684	98f73467fc69fe3412638b1d5cf37293bcf36b013dcc3cfff8347e71b70f0174	7	9	resume_search/data_science:_re.corpus.jsonl.part-00007	25165156	1667db98a690073e9787866085bd889eef0829bc713b2d6b793c1bfa08d02f51
sharded	resume_search/data_science:_re.corpus.jsonl	223869684	98f73467fc69fe3412638b1d5cf37293bcf36b013dcc3cfff8347e71b70f0174	8	9	resume_search/data_science:_re.corpus.jsonl.part-00008	25164406	009654d2d0a3a3a0fda0f74e87d333175cab586199f105d3c1ec90d5b4934030
sharded	resume_search/data_science:_re.corpus.jsonl	223869684	98f73467fc69fe3412638b1d5cf37293bcf36b013dcc3cfff8347e71b70f0174	9	9	resume_search/data_science:_re.corpus.jsonl.part-00009	22550831	c4a3de19d39409d77a38375e0f45a7bdf907f9a325af06cb1cbed688b20c1273
file	resume_search/data_science:_re.qrels.test.jsonl	134646	da534b3469721eda72f3540f18b8fdbd264b37405cdceaaee5f06ffd316a4f43	1	1	resume_search/data_science:_re.qrels.test.jsonl	134646	da534b3469721eda72f3540f18b8fdbd264b37405cdceaaee5f06ffd316a4f43
file	resume_search/data_science:_re.queries.test.jsonl	63660	b940142d51114e94cd1d9e41f59f0a2b1e3f94caf5d8512aa1723179ac4a6586	1	1	resume_search/data_science:_re.queries.test.jsonl	63660	b940142d51114e94cd1d9e41f59f0a2b1e3f94caf5d8512aa1723179ac4a6586
sharded	resume_search/education_&_teac.corpus.jsonl	248074232	3ab40e919546888dc522a0830db155e57a734c7806e96c01430eca303820846a	1	10	resume_search/education_&_teac.corpus.jsonl.part-00001	25163944	88a2377385d6631238af8c4935d605ce086bc7571be927204f669250b815a1c5
sharded	resume_search/education_&_teac.corpus.jsonl	248074232	3ab40e919546888dc522a0830db155e57a734c7806e96c01430eca303820846a	2	10	resume_search/education_&_teac.corpus.jsonl.part-00002	25164972	cbc166021bb853c80d6f2b50f86b310abb2bec6ba7f7b74654e4f6322fe03572
sharded	resume_search/education_&_teac.corpus.jsonl	248074232	3ab40e919546888dc522a0830db155e57a734c7806e96c01430eca303820846a	3	10	resume_search/education_&_teac.corpus.jsonl.part-00003	25164530	6d7074fd510bd7c95e3592a0706775204393e2818229831f7aa45406227f001d
sharded	resume_search/education_&_teac.corpus.jsonl	248074232	3ab40e919546888dc522a0830db155e57a734c7806e96c01430eca303820846a	4	10	resume_search/education_&_teac.corpus.jsonl.part-00004	25164953	356baf4dc998531c2a600798c038386a218d42b21ff7ed6ffb25709efb6232c1
sharded	resume_search/education_&_teac.corpus.jsonl	248074232	3ab40e919546888dc522a0830db155e57a734c7806e96c01430eca303820846a	5	10	resume_search/education_&_teac.corpus.jsonl.part-00005	25165505	8a41f4619c9997c680141b85e0809079c579a0ac24aafc8bc02bd3c3d67103cf
sharded	resume_search/education_&_teac.corpus.jsonl	248074232	3ab40e919546888dc522a0830db155e57a734c7806e96c01430eca303820846a	6	10	resume_search/education_&_teac.corpus.jsonl.part-00006	25165662	e8caf2aba2c2c7cc0ce79fedf20d05cf8b4ed62204bcd54e83830fe52bbbd723
sharded	resume_search/education_&_teac.corpus.jsonl	248074232	3ab40e919546888dc522a0830db155e57a734c7806e96c01430eca303820846a	7	10	resume_search/education_&_teac.corpus.jsonl.part-00007	25165597	94b6686cba718bb5e4ab7c81957c452387f628e7025e41dfecdc24418e6bd02f
sharded	resume_search/education_&_teac.corpus.jsonl	248074232	3ab40e919546888dc522a0830db155e57a734c7806e96c01430eca303820846a	8	10	resume_search/education_&_teac.corpus.jsonl.part-00008	25165797	9248bdd560df80d760a1d0d7f94c2d036aed85609a4272092356908a9461af4d
sharded	resume_search/education_&_teac.corpus.jsonl	248074232	3ab40e919546888dc522a0830db155e57a734c7806e96c01430eca303820846a	9	10	resume_search/education_&_teac.corpus.jsonl.part-00009	25165166	7ec16f0a90dca5fed1c6ad98ccf1638cfd350a1a41d638e0e1dcc9add75f0df6
sharded	resume_search/education_&_teac.corpus.jsonl	248074232	3ab40e919546888dc522a0830db155e57a734c7806e96c01430eca303820846a	10	10	resume_search/education_&_teac.corpus.jsonl.part-00010	21588106	e541bfdc0af37cdb16c43a7f269a92e1acb8a793258917fbd54675a08887ef97
file	resume_search/education_&_teac.qrels.test.jsonl	127061	f25866a5b57932c2d42b7eeb7c1e98307f7d3678204070ea8dcfc6b9b6204301	1	1	resume_search/education_&_teac.qrels.test.jsonl	127061	f25866a5b57932c2d42b7eeb7c1e98307f7d3678204070ea8dcfc6b9b6204301
file	resume_search/education_&_teac.queries.test.jsonl	64384	d5fd6f03bfb988147028042f9f5d36cfec473e2a00cfc49a12fd75a055ce5b5f	1	1	resume_search/education_&_teac.queries.test.jsonl	64384	d5fd6f03bfb988147028042f9f5d36cfec473e2a00cfc49a12fd75a055ce5b5f
sharded	resume_search/engineering:_res.corpus.jsonl	270187780	2ac9db7d28dd33dafbbfe938f25b4d38d2abf483b0699979b820938421a309d2	1	11	resume_search/engineering:_res.corpus.jsonl.part-00001	25165346	2fcc81df9753bf9b0f8816bfd1be585e4aee2d098605713637c2a34f3660f0f6
sharded	resume_search/engineering:_res.corpus.jsonl	270187780	2ac9db7d28dd33dafbbfe938f25b4d38d2abf483b0699979b820938421a309d2	2	11	resume_search/engineering:_res.corpus.jsonl.part-00002	25164049	16db43dd124b15ef1e8ab713d78b01db757286234e48f543ef0d13496b15293b
sharded	resume_search/engineering:_res.corpus.jsonl	270187780	2ac9db7d28dd33dafbbfe938f25b4d38d2abf483b0699979b820938421a309d2	3	11	resume_search/engineering:_res.corpus.jsonl.part-00003	25163742	e82cdbad71a26bd23da86d5dfd1d76b85fdb1e7f6622690db6a41e50722ee359
sharded	resume_search/engineering:_res.corpus.jsonl	270187780	2ac9db7d28dd33dafbbfe938f25b4d38d2abf483b0699979b820938421a309d2	4	11	resume_search/engineering:_res.corpus.jsonl.part-00004	25164825	afa77cd14ed3f344a6fa60a7b34854086fe1009947b5abfbac99e104dbf1a583
sharded	resume_search/engineering:_res.corpus.jsonl	270187780	2ac9db7d28dd33dafbbfe938f25b4d38d2abf483b0699979b820938421a309d2	5	11	resume_search/engineering:_res.corpus.jsonl.part-00005	25164054	2440f116ab2c38c406188b4c5084b41b55d5f59927ee21392e0275681a5d018d
sharded	resume_search/engineering:_res.corpus.jsonl	270187780	2ac9db7d28dd33dafbbfe938f25b4d38d2abf483b0699979b820938421a309d2	6	11	resume_search/engineering:_res.corpus.jsonl.part-00006	25165197	29d036774b41401786f9d3821721fed71bfeecea4f3835a89a6dee1586fcb08d
sharded	resume_search/engineering:_res.corpus.jsonl	270187780	2ac9db7d28dd33dafbbfe938f25b4d38d2abf483b0699979b820938421a309d2	7	11	resume_search/engineering:_res.corpus.jsonl.part-00007	25165575	0378cb159e61e3b2d0ac16372e53111e198d2918729e70051b01bae7cd234176
sharded	resume_search/engineering:_res.corpus.jsonl	270187780	2ac9db7d28dd33dafbbfe938f25b4d38d2abf483b0699979b820938421a309d2	8	11	resume_search/engineering:_res.corpus.jsonl.part-00008	25165489	ff4914d2bf4ddf76f5c773c25ab01295ead9cf673292bd71de8aea2e5c752c6e
sharded	resume_search/engineering:_res.corpus.jsonl	270187780	2ac9db7d28dd33dafbbfe938f25b4d38d2abf483b0699979b820938421a309d2	9	11	resume_search/engineering:_res.corpus.jsonl.part-00009	25163629	650d3fbd906e051f9a46a5781174b781ec773dc2fbbf56817800273971d57f27
sharded	resume_search/engineering:_res.corpus.jsonl	270187780	2ac9db7d28dd33dafbbfe938f25b4d38d2abf483b0699979b820938421a309d2	10	11	resume_search/engineering:_res.corpus.jsonl.part-00010	25164044	958b3c35617d41b6002e30f60a4c49ba03cc4d66ca90be1c83d8e629a6f5d138
sharded	resume_search/engineering:_res.corpus.jsonl	270187780	2ac9db7d28dd33dafbbfe938f25b4d38d2abf483b0699979b820938421a309d2	11	11	resume_search/engineering:_res.corpus.jsonl.part-00011	18541830	d6ee11f7a1c1c5ca1d3c237b05fcb9f4419fb17bc4addd714ef48f4d046113a8
file	resume_search/engineering:_res.qrels.test.jsonl	154017	165951160b0626d5977b15b8b1305e04de094d40ac425d03b675809878d2f5cb	1	1	resume_search/engineering:_res.qrels.test.jsonl	154017	165951160b0626d5977b15b8b1305e04de094d40ac425d03b675809878d2f5cb
file	resume_search/engineering:_res.queries.test.jsonl	60634	a11999d91bc96ed1ff9ea747d49cb3f75b4cbcea62ba8614a7515d6640ace50e	1	1	resume_search/engineering:_res.queries.test.jsonl	60634	a11999d91bc96ed1ff9ea747d49cb3f75b4cbcea62ba8614a7515d6640ace50e
sharded	resume_search/finance_&_accoun.corpus.jsonl	219859115	804e307b9dd11a084ffae4fe01e361d58bb36277e52cce994ffb360cc5aa324a	1	9	resume_search/finance_&_accoun.corpus.jsonl.part-00001	25164832	3c0eeb99e2068b411e7859275adc2d9e522d95b815355f4dd2778ebaab3248cb
sharded	resume_search/finance_&_accoun.corpus.jsonl	219859115	804e307b9dd11a084ffae4fe01e361d58bb36277e52cce994ffb360cc5aa324a	2	9	resume_search/finance_&_accoun.corpus.jsonl.part-00002	25164222	7c21cc6e83115134b780697a9b1f6fc046ccfdf35dee09323897beb813c4dd25
sharded	resume_search/finance_&_accoun.corpus.jsonl	219859115	804e307b9dd11a084ffae4fe01e361d58bb36277e52cce994ffb360cc5aa324a	3	9	resume_search/finance_&_accoun.corpus.jsonl.part-00003	25165049	e8ee37cf19933aef9beb2939bef569d9d2902a32d48aeefb629764fc95532b85
sharded	resume_search/finance_&_accoun.corpus.jsonl	219859115	804e307b9dd11a084ffae4fe01e361d58bb36277e52cce994ffb360cc5aa324a	4	9	resume_search/finance_&_accoun.corpus.jsonl.part-00004	25163474	7809afc1abe4033740e917e58e1bff097767e13640cd4a056c569caddf3c92de
sharded	resume_search/finance_&_accoun.corpus.jsonl	219859115	804e307b9dd11a084ffae4fe01e361d58bb36277e52cce994ffb360cc5aa324a	5	9	resume_search/finance_&_accoun.corpus.jsonl.part-00005	25165608	9ef86aa549ebc7ed93701cfbcc9c2d8532a8837254aacaed8277629485f5bd40
sharded	resume_search/finance_&_accoun.corpus.jsonl	219859115	804e307b9dd11a084ffae4fe01e361d58bb36277e52cce994ffb360cc5aa324a	6	9	resume_search/finance_&_accoun.corpus.jsonl.part-00006	25164888	1e64036d2197e554bf8c50a7cf63079a61e9354359d17bbfbcd7155985a91eba
sharded	resume_search/finance_&_accoun.corpus.jsonl	219859115	804e307b9dd11a084ffae4fe01e361d58bb36277e52cce994ffb360cc5aa324a	7	9	resume_search/finance_&_accoun.corpus.jsonl.part-00007	25165577	ceaa05079205aa90e0087e140f9dae5da46d26d940f8f8868c0c1a3bd20dd645
sharded	resume_search/finance_&_accoun.corpus.jsonl	219859115	804e307b9dd11a084ffae4fe01e361d58bb36277e52cce994ffb360cc5aa324a	8	9	resume_search/finance_&_accoun.corpus.jsonl.part-00008	25164794	2bb42fc6762eb02112949d26c74f141d4af245f808f4518ddbb232551e60dce0
sharded	resume_search/finance_&_accoun.corpus.jsonl	219859115	804e307b9dd11a084ffae4fe01e361d58bb36277e52cce994ffb360cc5aa324a	9	9	resume_search/finance_&_accoun.corpus.jsonl.part-00009	18540671	253973ffb0b9e88e9eeecc3591cdcce1f74693e792dae760f5cd787114785362
file	resume_search/finance_&_accoun.qrels.test.jsonl	106619	740b0b69f30611764bd44f6ce3e16a1f12dbcb83d968758cb77ff2b2ab0a5745	1	1	resume_search/finance_&_accoun.qrels.test.jsonl	106619	740b0b69f30611764bd44f6ce3e16a1f12dbcb83d968758cb77ff2b2ab0a5745
file	resume_search/finance_&_accoun.queries.test.jsonl	63078	b81f20f004c47cb4f131ba10280497415546a1771ebafb15b754b78fac3c4ed8	1	1	resume_search/finance_&_accoun.queries.test.jsonl	63078	b81f20f004c47cb4f131ba10280497415546a1771ebafb15b754b78fac3c4ed8
sharded	resume_search/graphic_design:_.corpus.jsonl	269477432	0680681e84b0b62188985709ada1a21f84917dcc9353b85f7f422ba98861148a	1	11	resume_search/graphic_design:_.corpus.jsonl.part-00001	25165105	ea174f855c2b2d73382f3d808cbd502c575a6879d2ce006acb9a457df1d3f166
sharded	resume_search/graphic_design:_.corpus.jsonl	269477432	0680681e84b0b62188985709ada1a21f84917dcc9353b85f7f422ba98861148a	2	11	resume_search/graphic_design:_.corpus.jsonl.part-00002	25165191	8c4be5c1ef262e05cc1462b6ac0adf80406bdc1af0164fcaffae04738b47f201
sharded	resume_search/graphic_design:_.corpus.jsonl	269477432	0680681e84b0b62188985709ada1a21f84917dcc9353b85f7f422ba98861148a	3	11	resume_search/graphic_design:_.corpus.jsonl.part-00003	25164490	806af2e03fcb907e7a6fabb9924c1566cd5a8c13102c70da2b510283ce7b82c4
sharded	resume_search/graphic_design:_.corpus.jsonl	269477432	0680681e84b0b62188985709ada1a21f84917dcc9353b85f7f422ba98861148a	4	11	resume_search/graphic_design:_.corpus.jsonl.part-00004	25165445	932ac863ad9a74db3c612b697ac8fa433118ec2e30ed28d24a841373074a9202
sharded	resume_search/graphic_design:_.corpus.jsonl	269477432	0680681e84b0b62188985709ada1a21f84917dcc9353b85f7f422ba98861148a	5	11	resume_search/graphic_design:_.corpus.jsonl.part-00005	25165429	94c4ee31a53004ba49135ec6e1946ce15413259c6ee44f07e38e0af59c8e670b
sharded	resume_search/graphic_design:_.corpus.jsonl	269477432	0680681e84b0b62188985709ada1a21f84917dcc9353b85f7f422ba98861148a	6	11	resume_search/graphic_design:_.corpus.jsonl.part-00006	25164199	94b5eaf2ab1b0ca0fbfe1d07ec139cbfa868b334ce92184e984c19867d89531c
sharded	resume_search/graphic_design:_.corpus.jsonl	269477432	0680681e84b0b62188985709ada1a21f84917dcc9353b85f7f422ba98861148a	7	11	resume_search/graphic_design:_.corpus.jsonl.part-00007	25164398	07bb756b5d48be9f83e207d144341dafbdf5ca44f4af6955aaeae97b67f21d5f
sharded	resume_search/graphic_design:_.corpus.jsonl	269477432	0680681e84b0b62188985709ada1a21f84917dcc9353b85f7f422ba98861148a	8	11	resume_search/graphic_design:_.corpus.jsonl.part-00008	25164141	b18d93dd52846c6d23dd0a9a3bb15226975bf327aed833174a688c4a0caea50c
sharded	resume_search/graphic_design:_.corpus.jsonl	269477432	0680681e84b0b62188985709ada1a21f84917dcc9353b85f7f422ba98861148a	9	11	resume_search/graphic_design:_.corpus.jsonl.part-00009	25164828	9e66eaf879a0f2c133c1be62fd932abee3dabfb4c04c1ee2ffbdea311878a124
sharded	resume_search/graphic_design:_.corpus.jsonl	269477432	0680681e84b0b62188985709ada1a21f84917dcc9353b85f7f422ba98861148a	10	11	resume_search/graphic_design:_.corpus.jsonl.part-00010	25165738	03896d7b355151cf53620f2a61dc502994ca132e5ac4ad6e331a77f95ada3cf9
sharded	resume_search/graphic_design:_.corpus.jsonl	269477432	0680681e84b0b62188985709ada1a21f84917dcc9353b85f7f422ba98861148a	11	11	resume_search/graphic_design:_.corpus.jsonl.part-00011	17828468	6320654696600d496681bba100299c2f0e7f79c5cc1226798ec524a4a14d196a
file	resume_search/graphic_design:_.qrels.test.jsonl	99196	2fb3f1cb5070de43e6a8c31506f7198563665eb831e7ebfb54fe9d46aa981214	1	1	resume_search/graphic_design:_.qrels.test.jsonl	99196	2fb3f1cb5070de43e6a8c31506f7198563665eb831e7ebfb54fe9d46aa981214
file	resume_search/graphic_design:_.queries.test.jsonl	61452	7f91fae389f75a87aa1e4e50245cbefb5cb1be51dfb411220d8042a8555f4b86	1	1	resume_search/graphic_design:_.queries.test.jsonl	61452	7f91fae389f75a87aa1e4e50245cbefb5cb1be51dfb411220d8042a8555f4b86
sharded	resume_search/healthcare:_resu.corpus.jsonl	273809010	b0f79f59133621435e6fc5a1e9cacfc407e87814e07d05c714fb78f500162311	1	11	resume_search/healthcare:_resu.corpus.jsonl.part-00001	25164457	e8ae447cd5f45a5e8d479a86ded2cf5f438a0615754bf79577fec3ad4633634d
sharded	resume_search/healthcare:_resu.corpus.jsonl	273809010	b0f79f59133621435e6fc5a1e9cacfc407e87814e07d05c714fb78f500162311	2	11	resume_search/healthcare:_resu.corpus.jsonl.part-00002	25165358	08c9ce418c114452ebc0fae3917de94bc75ed1487e99bb331d90de7559dc6802
sharded	resume_search/healthcare:_resu.corpus.jsonl	273809010	b0f79f59133621435e6fc5a1e9cacfc407e87814e07d05c714fb78f500162311	3	11	resume_search/healthcare:_resu.corpus.jsonl.part-00003	25165718	09b7f2f266931490ac352d72fd4807c97e91ac78b7c4abbf824c991c28a47c11
sharded	resume_search/healthcare:_resu.corpus.jsonl	273809010	b0f79f59133621435e6fc5a1e9cacfc407e87814e07d05c714fb78f500162311	4	11	resume_search/healthcare:_resu.corpus.jsonl.part-00004	25165114	e25e918973afa2f124d6f0f3cf39b63d161de5be33e80b0b4b1a6bf8ecfcf5f8
sharded	resume_search/healthcare:_resu.corpus.jsonl	273809010	b0f79f59133621435e6fc5a1e9cacfc407e87814e07d05c714fb78f500162311	5	11	resume_search/healthcare:_resu.corpus.jsonl.part-00005	25164363	9ae86ccde247e606e87a1887aa65f39b9352d18f11f24d11fdb24d52692bb60e
sharded	resume_search/healthcare:_resu.corpus.jsonl	273809010	b0f79f59133621435e6fc5a1e9cacfc407e87814e07d05c714fb78f500162311	6	11	resume_search/healthcare:_resu.corpus.jsonl.part-00006	25164340	bf3d7eea605fcdff0efbd08b3ac854c9b174eaf0a4e6106da9021bdbe08ec9b7
sharded	resume_search/healthcare:_resu.corpus.jsonl	273809010	b0f79f59133621435e6fc5a1e9cacfc407e87814e07d05c714fb78f500162311	7	11	resume_search/healthcare:_resu.corpus.jsonl.part-00007	25164938	85252d455fc9bbb48b41aa8376160a9606934f174f18bdded982e10c105982e1
sharded	resume_search/healthcare:_resu.corpus.jsonl	273809010	b0f79f59133621435e6fc5a1e9cacfc407e87814e07d05c714fb78f500162311	8	11	resume_search/healthcare:_resu.corpus.jsonl.part-00008	25164621	1575e485792fc78415082b8e658a31480a2729c8f4e3be502e6a278b69b3db36
sharded	resume_search/healthcare:_resu.corpus.jsonl	273809010	b0f79f59133621435e6fc5a1e9cacfc407e87814e07d05c714fb78f500162311	9	11	resume_search/healthcare:_resu.corpus.jsonl.part-00009	25165722	dd560b52ffe4ba95aec69d2b27034866cf562512d15e0f5e417934bb04260ad3
sharded	resume_search/healthcare:_resu.corpus.jsonl	273809010	b0f79f59133621435e6fc5a1e9cacfc407e87814e07d05c714fb78f500162311	10	11	resume_search/healthcare:_resu.corpus.jsonl.part-00010	25164542	629843c9351a56adf2723434af3fa8f1a4eb2eca0b519f13333d100fd1f45dfb
sharded	resume_search/healthcare:_resu.corpus.jsonl	273809010	b0f79f59133621435e6fc5a1e9cacfc407e87814e07d05c714fb78f500162311	11	11	resume_search/healthcare:_resu.corpus.jsonl.part-00011	22159837	8adca92b7b25d6c3fd30199cf44c1e032cf1eeb728c7a9185716cc9eb77e3d9b
file	resume_search/healthcare:_resu.qrels.test.jsonl	120980	39bcfa5e8f56707c656a0cd9a8fa8c1d8bae85709e153566f6217457acb2bcf3	1	1	resume_search/healthcare:_resu.qrels.test.jsonl	120980	39bcfa5e8f56707c656a0cd9a8fa8c1d8bae85709e153566f6217457acb2bcf3
file	resume_search/healthcare:_resu.queries.test.jsonl	61025	f0d79e3a879d8d0d817e5e3c249505c3681b5af6a1d1f724fb587ad7f50397db	1	1	resume_search/healthcare:_resu.queries.test.jsonl	61025	f0d79e3a879d8d0d817e5e3c249505c3681b5af6a1d1f724fb587ad7f50397db
sharded	resume_search/human_resources:.corpus.jsonl	259132037	38469710198a599e74fe33404c1c2716818dc5dc86c3127337d720f7f05f4a32	1	11	resume_search/human_resources:.corpus.jsonl.part-00001	25165341	273d48fe2d1512a655f658f815235d0c4f806e9e423f990a019ad2de1235fb2b
sharded	resume_search/human_resources:.corpus.jsonl	259132037	38469710198a599e74fe33404c1c2716818dc5dc86c3127337d720f7f05f4a32	2	11	resume_search/human_resources:.corpus.jsonl.part-00002	25165665	307434a9b7fa6eeecc3ea00ef5f026205f82f43a925d4eb82dc860ad60df35ae
sharded	resume_search/human_resources:.corpus.jsonl	259132037	38469710198a599e74fe33404c1c2716818dc5dc86c3127337d720f7f05f4a32	3	11	resume_search/human_resources:.corpus.jsonl.part-00003	25165496	1ca4d9571a99719a62eefc4fee54462394e69e61152390e4ae9d81f3d357d03e
sharded	resume_search/human_resources:.corpus.jsonl	259132037	38469710198a599e74fe33404c1c2716818dc5dc86c3127337d720f7f05f4a32	4	11	resume_search/human_resources:.corpus.jsonl.part-00004	25164752	04f071242d420eefd939f2f6009ef85c6edadb7a111bd5b27868702798c48a20
sharded	resume_search/human_resources:.corpus.jsonl	259132037	38469710198a599e74fe33404c1c2716818dc5dc86c3127337d720f7f05f4a32	5	11	resume_search/human_resources:.corpus.jsonl.part-00005	25164116	3e713a79de074ce24f50bf39edb9d4cb75b9c85d84ad527441e27a03b9e64c1e
sharded	resume_search/human_resources:.corpus.jsonl	259132037	38469710198a599e74fe33404c1c2716818dc5dc86c3127337d720f7f05f4a32	6	11	resume_search/human_resources:.corpus.jsonl.part-00006	25165531	1c79fbe31312c6146c89fbcea69557a10649cbf0fe67c986c3758773286bd93a
sharded	resume_search/human_resources:.corpus.jsonl	259132037	38469710198a599e74fe33404c1c2716818dc5dc86c3127337d720f7f05f4a32	7	11	resume_search/human_resources:.corpus.jsonl.part-00007	25164619	91ac518a1b251f02c31663a58be84c2b1b732ad8e4618551acb9fe15a70679ee
sharded	resume_search/human_resources:.corpus.jsonl	259132037	38469710198a599e74fe33404c1c2716818dc5dc86c3127337d720f7f05f4a32	8	11	resume_search/human_resources:.corpus.jsonl.part-00008	25165430	c84fd7d5ea090bc7bb173afc75e73fe7a88356343c2cb686ea42de0460b7589e
sharded	resume_search/human_resources:.corpus.jsonl	259132037	38469710198a599e74fe33404c1c2716818dc5dc86c3127337d720f7f05f4a32	9	11	resume_search/human_resources:.corpus.jsonl.part-00009	25164344	0f225498dc7e24324f1a7f9353d9ad784604d8c516545462a880830bcf7e4267
sharded	resume_search/human_resources:.corpus.jsonl	259132037	38469710198a599e74fe33404c1c2716818dc5dc86c3127337d720f7f05f4a32	10	11	resume_search/human_resources:.corpus.jsonl.part-00010	25165157	189a99edefac6d216d6793d23b7974168911761c842039134d68e7390ab095c7
sharded	resume_search/human_resources:.corpus.jsonl	259132037	38469710198a599e74fe33404c1c2716818dc5dc86c3127337d720f7f05f4a32	11	11	resume_search/human_resources:.corpus.jsonl.part-00011	7481586	52648019ff23826088683a56ac52d9efcb8655780dd44934b7a48255144d8f9a
file	resume_search/human_resources:.qrels.test.jsonl	104352	19e80b697863b33fe58ed1bf3a12c1f29680b61e7f235f4e550f1cda59991ae0	1	1	resume_search/human_resources:.qrels.test.jsonl	104352	19e80b697863b33fe58ed1bf3a12c1f29680b61e7f235f4e550f1cda59991ae0
file	resume_search/human_resources:.queries.test.jsonl	69049	daa627ca0871bcc287cbd441c2462685c3fd2301d1b29f3a65f0b10b4f3da8f8	1	1	resume_search/human_resources:.queries.test.jsonl	69049	daa627ca0871bcc287cbd441c2462685c3fd2301d1b29f3a65f0b10b4f3da8f8
sharded	resume_search/project_manageme.corpus.jsonl	228456218	79b0921277b58e34825b80e330d0c8a508c4cebfeeee5247dba1e91041128825	1	10	resume_search/project_manageme.corpus.jsonl.part-00001	25165186	e56320b48ba48c87a76af6e3a8e46e0580622874b88783bc472eb329f1911722
sharded	resume_search/project_manageme.corpus.jsonl	228456218	79b0921277b58e34825b80e330d0c8a508c4cebfeeee5247dba1e91041128825	2	10	resume_search/project_manageme.corpus.jsonl.part-00002	25164026	bcc3c72e02cd6004f8c517497f4e5c1b186e9475301e027fd3c87f4a53aebf4c
sharded	resume_search/project_manageme.corpus.jsonl	228456218	79b0921277b58e34825b80e330d0c8a508c4cebfeeee5247dba1e91041128825	3	10	resume_search/project_manageme.corpus.jsonl.part-00003	25164934	9801bf0557b10876c2edf9040d598bb304ac1734d511a80001fd58cf5320b47f
sharded	resume_search/project_manageme.corpus.jsonl	228456218	79b0921277b58e34825b80e330d0c8a508c4cebfeeee5247dba1e91041128825	4	10	resume_search/project_manageme.corpus.jsonl.part-00004	25165297	80b288d025a5b9922bc272b3ba442624a63a390831825ab4f77841fe62ce74fa
sharded	resume_search/project_manageme.corpus.jsonl	228456218	79b0921277b58e34825b80e330d0c8a508c4cebfeeee5247dba1e91041128825	5	10	resume_search/project_manageme.corpus.jsonl.part-00005	25164763	928f09d7f57db8fd8f86521c6dffbcd724ebd82e9c22d1d005ceaa38be99f9a4
sharded	resume_search/project_manageme.corpus.jsonl	228456218	79b0921277b58e34825b80e330d0c8a508c4cebfeeee5247dba1e91041128825	6	10	resume_search/project_manageme.corpus.jsonl.part-00006	25164671	9e657ab829f1bd78ae9d8a56fb8884ed66be83d2eaec6b3f12d6b701436095d3
sharded	resume_search/project_manageme.corpus.jsonl	228456218	79b0921277b58e34825b80e330d0c8a508c4cebfeeee5247dba1e91041128825	7	10	resume_search/project_manageme.corpus.jsonl.part-00007	25164623	2f8711a3933a0f59e117302a34527cf6677f125113827d7c5dc3edfd2dca3950
sharded	resume_search/project_manageme.corpus.jsonl	228456218	79b0921277b58e34825b80e330d0c8a508c4cebfeeee5247dba1e91041128825	8	10	resume_search/project_manageme.corpus.jsonl.part-00008	25165393	e7257410e080b9e14c88a8c0ca0ad8b8775e6b78fc379238e9861b2cecf1293d
sharded	resume_search/project_manageme.corpus.jsonl	228456218	79b0921277b58e34825b80e330d0c8a508c4cebfeeee5247dba1e91041128825	9	10	resume_search/project_manageme.corpus.jsonl.part-00009	25164509	566758572a4028fceb0aaf9a4b7277c68b618ac91621d2276e1a56f0e6d4ecd4
sharded	resume_search/project_manageme.corpus.jsonl	228456218	79b0921277b58e34825b80e330d0c8a508c4cebfeeee5247dba1e91041128825	10	10	resume_search/project_manageme.corpus.jsonl.part-00010	1972816	8ec7fed9a55c9c69df2e19f4133f1ffef2e22c35a240c7ebfb1cf253cb2e3329
file	resume_search/project_manageme.qrels.test.jsonl	157599	cb7f9b1f691680059a3613d087f3ee7b95c573b53515dbaa25ca64811b13833a	1	1	resume_search/project_manageme.qrels.test.jsonl	157599	cb7f9b1f691680059a3613d087f3ee7b95c573b53515dbaa25ca64811b13833a
file	resume_search/project_manageme.queries.test.jsonl	56759	bdb0f6ac64d2ca76992ec4bf97156a89867cbc92f0192d07de455bd21270d6f3	1	1	resume_search/project_manageme.queries.test.jsonl	56759	bdb0f6ac64d2ca76992ec4bf97156a89867cbc92f0192d07de455bd21270d6f3
sharded	resume_search/sales_&_marketin.corpus.jsonl	249048707	40bb89fe9c30afe3c74ed8259dacaef264ad6cd9bd21165debcc0d98b390d566	1	10	resume_search/sales_&_marketin.corpus.jsonl.part-00001	25164927	4d673dc3c325070b9ba6ba2cbb70971691cab2ccc49120017ef1f5c83b1ff642
sharded	resume_search/sales_&_marketin.corpus.jsonl	249048707	40bb89fe9c30afe3c74ed8259dacaef264ad6cd9bd21165debcc0d98b390d566	2	10	resume_search/sales_&_marketin.corpus.jsonl.part-00002	25163382	99cc409ef2fe90f58d80208f442bc4e9e5bf703d89358bc3f1605e84bfffddf3
sharded	resume_search/sales_&_marketin.corpus.jsonl	249048707	40bb89fe9c30afe3c74ed8259dacaef264ad6cd9bd21165debcc0d98b390d566	3	10	resume_search/sales_&_marketin.corpus.jsonl.part-00003	25165681	33f5f024d17520a56edf4b69b77bae197d980caa4fec0d43f898f97b04caa0d9
sharded	resume_search/sales_&_marketin.corpus.jsonl	249048707	40bb89fe9c30afe3c74ed8259dacaef264ad6cd9bd21165debcc0d98b390d566	4	10	resume_search/sales_&_marketin.corpus.jsonl.part-00004	25164640	1fa83fbda274c247665ccd906c1a0bd19be241a3559f90ea7809a22c33c40e54
sharded	resume_search/sales_&_marketin.corpus.jsonl	249048707	40bb89fe9c30afe3c74ed8259dacaef264ad6cd9bd21165debcc0d98b390d566	5	10	resume_search/sales_&_marketin.corpus.jsonl.part-00005	25163508	b91b8b25feae57f548fcd580dabd9d39200a7bb2607a83ce902ad7e5a9a05bce
sharded	resume_search/sales_&_marketin.corpus.jsonl	249048707	40bb89fe9c30afe3c74ed8259dacaef264ad6cd9bd21165debcc0d98b390d566	6	10	resume_search/sales_&_marketin.corpus.jsonl.part-00006	25165750	4382f8dc91f87192ef451d232753f4eafd4000fb5bb7fd84518852ca11692b26
sharded	resume_search/sales_&_marketin.corpus.jsonl	249048707	40bb89fe9c30afe3c74ed8259dacaef264ad6cd9bd21165debcc0d98b390d566	7	10	resume_search/sales_&_marketin.corpus.jsonl.part-00007	25165507	fdcd491bda92050bbaf764d1fae209c47e2283c6fdd992ca11c96aa1a59d6932
sharded	resume_search/sales_&_marketin.corpus.jsonl	249048707	40bb89fe9c30afe3c74ed8259dacaef264ad6cd9bd21165debcc0d98b390d566	8	10	resume_search/sales_&_marketin.corpus.jsonl.part-00008	25165161	da0bcaa954cdc4757fa409ed6ab2b1f0b55193b87e38ca4288b1692aa62edf6b
sharded	resume_search/sales_&_marketin.corpus.jsonl	249048707	40bb89fe9c30afe3c74ed8259dacaef264ad6cd9bd21165debcc0d98b390d566	9	10	resume_search/sales_&_marketin.corpus.jsonl.part-00009	25165724	32c2ab5973eb242c51ccc9bf6874de5236e2d59bc6935cb53b1b296b8c884723
sharded	resume_search/sales_&_marketin.corpus.jsonl	249048707	40bb89fe9c30afe3c74ed8259dacaef264ad6cd9bd21165debcc0d98b390d566	10	10	resume_search/sales_&_marketin.corpus.jsonl.part-00010	22564427	0d49b84135333586af578246da87b1cdd846f054aff59cf901b2ffd73eb2e386
file	resume_search/sales_&_marketin.qrels.test.jsonl	80572	0253a51006dfab3b141cdb2a926c74276ca5b6dd868731caa02e0ad1147b8abd	1	1	resume_search/sales_&_marketin.qrels.test.jsonl	80572	0253a51006dfab3b141cdb2a926c74276ca5b6dd868731caa02e0ad1147b8abd
file	resume_search/sales_&_marketin.queries.test.jsonl	64716	5416f28de0d2efd0db198fc005e85d8521609073eae967ffff239695229f902f	1	1	resume_search/sales_&_marketin.queries.test.jsonl	64716	5416f28de0d2efd0db198fc005e85d8521609073eae967ffff239695229f902f
sharded	resume_search/software_enginee.corpus.jsonl	229896179	be728efdfeff6358ef04acb8e89e5b3567e968012e8d24282b16d9d68ad19a0c	1	10	resume_search/software_enginee.corpus.jsonl.part-00001	25164117	494c17c469568ea7aa5d227b08c77da7ed04739f8d29a40819f9968a81ce5cfd
sharded	resume_search/software_enginee.corpus.jsonl	229896179	be728efdfeff6358ef04acb8e89e5b3567e968012e8d24282b16d9d68ad19a0c	2	10	resume_search/software_enginee.corpus.jsonl.part-00002	25165714	c533d11d98d9c8de7d3d49121c0e8da50bf0982628456cc9df6c084c022675a5
sharded	resume_search/software_enginee.corpus.jsonl	229896179	be728efdfeff6358ef04acb8e89e5b3567e968012e8d24282b16d9d68ad19a0c	3	10	resume_search/software_enginee.corpus.jsonl.part-00003	25165750	bf97ad6e238e8297546100541cc51f5115db9a1c18930dff5eea3aec2f8cf125
sharded	resume_search/software_enginee.corpus.jsonl	229896179	be728efdfeff6358ef04acb8e89e5b3567e968012e8d24282b16d9d68ad19a0c	4	10	resume_search/software_enginee.corpus.jsonl.part-00004	25164795	8beb41eaad7a7db45fb168099f2ae577c8d3e48734fe3e7d5c92bf18e6537115
sharded	resume_search/software_enginee.corpus.jsonl	229896179	be728efdfeff6358ef04acb8e89e5b3567e968012e8d24282b16d9d68ad19a0c	5	10	resume_search/software_enginee.corpus.jsonl.part-00005	25165347	f7946a23c3074384408dbc91d626e9073eb9bf87008efce7d43ea1e3c719f223
sharded	resume_search/software_enginee.corpus.jsonl	229896179	be728efdfeff6358ef04acb8e89e5b3567e968012e8d24282b16d9d68ad19a0c	6	10	resume_search/software_enginee.corpus.jsonl.part-00006	25164624	2555030e08a93525302968a2f05d9c8044f409765565a3d87015feedb35dd452
sharded	resume_search/software_enginee.corpus.jsonl	229896179	be728efdfeff6358ef04acb8e89e5b3567e968012e8d24282b16d9d68ad19a0c	7	10	resume_search/software_enginee.corpus.jsonl.part-00007	25165752	eacf4fa49cd4ae72f2e47d18175d7cea903a340120d8b6d29ab74faf4945deb6
sharded	resume_search/software_enginee.corpus.jsonl	229896179	be728efdfeff6358ef04acb8e89e5b3567e968012e8d24282b16d9d68ad19a0c	8	10	resume_search/software_enginee.corpus.jsonl.part-00008	25165749	f52d28a22bf2f06036e34f3cbbb803a014714e238ee37f1afada2f063eee196e
sharded	resume_search/software_enginee.corpus.jsonl	229896179	be728efdfeff6358ef04acb8e89e5b3567e968012e8d24282b16d9d68ad19a0c	9	10	resume_search/software_enginee.corpus.jsonl.part-00009	25164618	bd21f65735ef079aae2435e9253aad3163fc2d500ac69195905ab7d940c26e8b
sharded	resume_search/software_enginee.corpus.jsonl	229896179	be728efdfeff6358ef04acb8e89e5b3567e968012e8d24282b16d9d68ad19a0c	10	10	resume_search/software_enginee.corpus.jsonl.part-00010	3409713	37918f4ff9b37ea782fc7890d15de06fe5133a03170014f28ab40f94c96ff9b7
file	resume_search/software_enginee.qrels.test.jsonl	118127	e346fe2e56c661098cc4ee6676952fde752e956ea1357a9be81ce9ada4603c02	1	1	resume_search/software_enginee.qrels.test.jsonl	118127	e346fe2e56c661098cc4ee6676952fde752e956ea1357a9be81ce9ada4603c02
file	resume_search/software_enginee.queries.test.jsonl	57385	98840ddf5139ad19c8fc24325ae2b1949e8afb49d2803a764bca737e2ffe783f	1	1	resume_search/software_enginee.queries.test.jsonl	57385	98840ddf5139ad19c8fc24325ae2b1949e8afb49d2803a764bca737e2ffe783f
